Rk,Player,Pos,Squad,Age,Born,90s played,Yellow Card,Red Card,Second Yellow Card,Fouls Committed,Fouls Drawn,Offsides,Crosses,Interception,Takles won
1,Brenden Aaronson,MF,us USA,25,2000,0.8,0,0,0,2,1,0,1,0,1
2,Thelo Aasgaard,MF,no Norway,24,2002,1,0,0,0,0,3,0,0,3,1
3,Hamza Abdelkarim,FW,eg Egypt,18,2008,0.7,0,0,0,2,0,0,0,0,0
4,Hossam Abdelmaguid,DF,eg Egypt,25,2001,0.7,0,0,0,1,0,0,0,1,0
5,Mohamed Abdelmonem,DF,eg Egypt,27,1999,0.2,0,0,0,1,0,0,0,0,0
6,Ali Abdi,DF,tn Tunisia,32,1993,3,0,0,0,4,1,0,4,4,8
7,Saud Abdulhamid,DF,sa Saudi Arabia,26,1999,3,1,0,0,4,2,0,5,2,9
8,Abdulla Abdullaev,DF,uz Uzbekistan,28,1997,2,0,0,0,5,1,0,0,3,2
9,Yusuf Abdurisag,FW,qa Qatar,26,1999,1.1,0,0,0,1,2,0,0,1,2
10,Husam Abu Dahab,DF,jo Jordan,26,2000,2,1,0,0,2,1,0,0,0,3
11,Mohammad Abu Hasheesh,DF,jo Jordan,31,1995,0.1,0,0,0,0,0,0,0,0,2
12,Mohannad Abu Taha,DF,jo Jordan,23,2003,2.9,1,0,0,2,1,0,5,6,2
13,Mo Abualnadi,DF,jo Jordan,25,2001,0.8,0,0,0,0,0,0,0,0,0
14,Yazeed Abulaila,GK,jo Jordan,33,1993,3,0,0,0,0,0,0,0,0,0
15,Mahmoud Abunada,GK,qa Qatar,26,2000,3,1,0,0,1,1,0,0,0,0
16,Elias Achouri,FWMF,tn Tunisia,27,1999,0.5,0,0,0,0,1,1,0,0,2
17,Ché Adams,FW,sct Scotland,29,1996,1.6,0,0,0,4,2,0,0,0,1
18,Jayden Adams,MF,za South Africa,25,2001,1.3,0,0,0,0,0,0,0,2,0
19,Tyler Adams,MF,us USA,27,1999,3.8,1,0,0,5,6,0,0,8,5
20,Ricardo Adé,DF,ht Haiti,36,1990,3,0,0,0,6,4,0,1,5,2
21,Ibrahim Adel,MF,eg Egypt,25,2001,0,0,0,0,0,0,0,0,0,0
22,Simon Adingra,FWMF,ci Côte d'Ivoire,24,2002,0.2,0,0,0,0,0,0,1,0,0
23,Jonas Adjetey,DF,gh Ghana,22,2003,2.5,0,0,0,1,0,0,0,1,3
24,Michel Aebischer,MFFW,ch Switzerland,29,1997,1.7,0,0,0,3,2,0,6,0,1
25,Akram Afif,FWMF,qa Qatar,29,1996,2.6,0,0,0,0,4,2,11,0,1
26,Emmanuel Agbadou,DF,ci Côte d'Ivoire,28,1997,3,0,0,0,0,0,0,0,4,6
27,Rodrigo Aguirre,FW,uy Uruguay,31,1994,0,0,0,0,0,0,0,0,0,0
28,Ali Ahmed,MF,ca Canada,25,2000,2.6,0,0,0,1,5,0,13,3,2
29,Homam Ahmed,DF,qa Qatar,26,1999,1.4,0,1,0,4,0,0,3,3,1
30,Rayan Aït-Nouri,DF,dz Algeria,25,2001,3.2,0,0,0,6,4,0,8,5,13
31,Kristoffer Ajer,DF,no Norway,28,1998,5.3,1,0,0,2,1,0,1,4,8
32,Manuel Akanji,DF,ch Switzerland,30,1995,6.7,0,0,0,4,4,0,0,6,9
33,Nathan Aké,DF,nl Netherlands,31,1995,1.9,0,0,0,2,2,0,1,4,0
34,Yunus Akgün,MF,tr Türkiye,25,2000,1,1,0,0,2,1,0,2,0,0
35,Maghnes Akliouche,MF,fr France,24,2002,0.1,0,0,0,0,0,0,1,0,0
36,Kerem Aktürko?lu,FW,tr Türkiye,27,1998,1.4,0,0,0,0,2,0,1,0,1
37,Ahmed Alaaeldin,FW,qa Qatar,33,1993,0.5,0,0,0,1,1,0,0,0,1
38,David Alaba,DF,at Austria,33,1992,3.1,0,0,0,2,0,0,1,4,1
39,Kerim Alajbegovi?,MF,ba Bosnia–Herz,18,2007,3.1,0,0,0,4,6,1,15,2,0
40,Jordy Alcivar,MF,ec Ecuador,26,1999,0.5,1,0,0,1,0,0,1,0,1
41,Omar Alderete,DF,py Paraguay,29,1996,3.6,0,0,0,2,3,0,0,2,0
42,Almoez Ali,FW,qa Qatar,29,1996,0.2,0,0,0,0,0,0,0,0,0
43,Hussein Ali,DF,iq Iraq,24,2002,1.8,0,0,0,1,0,1,1,2,2
44,Mohanad Ali,FW,iq Iraq,25,2000,0.1,0,0,0,0,0,0,0,0,0
45,Taha Ali,FWMF,se Sweden,27,1998,0.4,0,0,0,0,2,0,1,0,0
46,Khojiakbar Alijonov,MF,uz Uzbekistan,29,1997,1.5,0,0,0,2,1,0,5,5,2
47,Ali Alipour,FW,ir IR Iran,30,1995,0.4,0,0,0,1,1,0,0,1,1
48,Alisson,GK,br Brazil,33,1992,5,0,0,0,0,0,0,0,0,0
49,Thiago Almada,MF,ar Argentina,25,2001,2.7,1,0,0,2,2,2,1,0,4
50,Miguel Almirón,MFFW,py Paraguay,32,1994,3.1,1,1,0,2,7,0,4,3,7
51,Júnior Alonso,DF,py Paraguay,33,1993,4.3,1,0,0,3,3,1,2,4,9
52,Bar?? Alper Y?lmaz,MFFW,tr Türkiye,26,2000,2,0,0,0,4,1,2,15,0,0
53,Roberto Alvarado,FWMF,mx Mexico,27,1998,4.8,0,0,0,3,5,1,36,2,3
54,Edson Álvarez,MFDF,mx Mexico,28,1997,2.7,1,0,0,5,2,0,1,3,6
55,Julián Álvarez,FW,ar Argentina,26,2000,6.7,0,0,0,11,4,2,2,3,4
56,Ayoube Amaimouni,MF,ma Morocco,21,2004,0.2,0,0,0,1,0,0,1,0,1
57,Zeki Amdouni,FWMF,ch Switzerland,25,2000,0.8,0,0,0,5,4,0,0,0,1
58,Michael Amir Murillo,DFMF,pa Panama,30,1996,3,0,0,0,1,7,1,8,1,3
59,Nadiem Amiri,MF,de Germany,29,1996,0.5,0,0,0,0,0,0,2,0,1
60,Amir Al Ammari,MF,iq Iraq,28,1997,2.7,2,0,0,3,0,0,8,2,1
61,Azizbek Amonov,FW,uz Uzbekistan,28,1997,0.2,0,0,0,0,0,0,1,0,0
62,Mohamed Amoura,FWMF,dz Algeria,26,2000,0.3,0,0,0,1,0,0,0,0,0
63,Sofyan Amrabat,MF,ma Morocco,29,1996,1.6,0,0,0,4,2,0,0,2,1
64,Abdulelah Al-Amri,DF,sa Saudi Arabia,29,1997,2.7,1,0,0,1,0,0,1,4,2
65,Youssef Amyn,MF,iq Iraq,22,2003,0.3,0,0,0,0,0,0,0,0,0
66,Elliot Anderson,MF,eng England,23,2002,7,1,0,0,9,13,0,8,8,18
67,Andrés Andrade Cedeño,DF,pa Panama,27,1998,3,1,0,0,4,0,0,8,3,3
68,Fredrik André Bjørkan,DF,no Norway,27,1998,0.5,0,0,0,0,0,0,0,2,1
69,Nilson Angulo,MF,ec Ecuador,22,2003,2.4,0,0,0,4,3,0,5,2,1
70,Waldemar Anton,DFMF,de Germany,29,1996,0.6,0,0,0,3,1,1,1,2,1
71,Jeremy Antonisse,FWMF,cw Curaçao,24,2002,0.8,0,0,0,0,0,0,8,0,1
72,Houssem Aouar,MF,dz Algeria,27,1998,1.9,0,0,0,1,2,0,0,0,1
73,Oswin Appollis,MFFW,za South Africa,24,2001,2.8,0,0,0,1,2,0,8,1,3
74,Yazan Al-Arab,DF,jo Jordan,30,1996,3,1,0,0,4,0,0,0,11,1
75,Maxi Araújo,FWMF,uy Uruguay,26,2000,2.8,0,0,0,2,7,6,18,0,0
76,Tomás Araújo,DF,pt Portugal,24,2002,1,1,0,0,1,0,0,0,1,0
77,Telmo Arcanjo,MF,cv Cabo Verde,24,2001,0.6,0,0,0,0,1,0,1,0,0
78,Álex Arce,FW,py Paraguay,30,1995,0.6,1,0,0,1,0,0,0,0,1
79,Carlens Arcus,MFDF,ht Haiti,29,1996,1.6,1,0,0,5,3,2,2,3,3
80,Max Arfsten,MF,us USA,25,2001,0,0,0,0,0,0,0,0,0,0
81,Jhon Arias,MF,co Colombia,28,1997,4.2,1,0,0,5,2,0,5,2,9
82,Santiago Arias,DF,co Colombia,34,1992,1,0,0,0,1,0,0,2,1,2
83,Marko Arnautovi?,FW,at Austria,37,1989,1.6,1,0,0,3,1,5,0,0,0
84,Benjamin Asare,GK,gh Ghana,33,1992,2.5,0,0,0,0,1,0,0,0,0
85,Emam Ashour,MF,eg Egypt,28,1998,4,0,0,0,2,13,0,4,4,2
86,Rustam Ashurmatov,DF,uz Uzbekistan,29,1996,2.8,0,0,0,1,0,0,0,7,2
87,Lawrence Ati-Zigi,GK,gh Ghana,29,1996,1.5,0,0,0,0,1,0,0,0,0
88,Marwan Attia,MF,eg Egypt,27,1998,4.8,2,0,0,8,1,0,11,3,3
89,Fredrik Aursnes,MFDF,no Norway,30,1995,3.4,0,0,0,5,3,0,5,1,8
90,Gabriel Ávalos,FW,py Paraguay,35,1990,1.6,0,0,0,1,2,0,0,0,2
91,Yasin Ayari,MF,se Sweden,22,2003,3.8,1,0,0,4,8,0,19,3,4
92,O?uz Ayd?n,DF,tr Türkiye,25,2000,1,0,0,0,0,2,0,3,0,6
93,Jordan Ayew,FW,gh Ghana,34,1991,3.3,0,0,0,7,7,1,10,1,3
94,Kaan Ayhan,DFMF,tr Türkiye,31,1994,0,0,0,0,0,0,0,0,0,0
95,Neil El Aynaoui,MF,ma Morocco,24,2001,6.2,0,0,0,15,7,0,0,8,9
96,Ali Azaizeh,MF,jo Jordan,22,2004,0.6,0,0,0,1,1,0,1,0,3
97,Juninho Bacuna,MF,cw Curaçao,28,1997,2.8,2,0,0,6,3,0,5,5,4
98,Leandro Bacuna,MF,cw Curaçao,34,1991,3,1,0,0,3,3,0,4,0,3
99,Álex Baena,MFFW,es Spain,24,2001,5.3,1,0,0,13,7,2,41,2,5
100,Esmir Bajraktarevic,MF,ba Bosnia–Herz,21,2005,2.6,0,0,0,1,2,0,8,3,0
101,Cédric Bakambu,FW,cd Congo DR,35,1991,2.1,0,0,0,2,1,4,1,0,0
102,Fabián Balbuena,DF,py Paraguay,34,1991,0,0,0,0,0,0,0,0,0,0
103,Folarin Balogun,FW,us USA,24,2001,3.5,1,1,0,3,8,3,0,1,0
104,Simon Banza,FWMF,cd Congo DR,29,1996,0.4,0,0,0,1,0,0,0,0,1
105,Yoel Bárcenas,MF,pa Panama,32,1993,2.8,1,0,0,3,3,0,7,2,0
106,Valentín Barco,DFMF,ar Argentina,21,2004,0.2,0,0,0,0,1,0,0,0,0
107,Bradley Barcola,MF,fr France,23,2002,4.3,1,0,0,5,1,1,3,1,4
108,Abdülkerim Bardakc?,DF,tr Türkiye,31,1994,2.9,0,0,0,1,3,0,7,2,5
109,Ivan Baši?,MF,ba Bosnia–Herz,24,2002,2,0,0,0,2,3,0,12,3,1
110,Ahmed Basil,GK,iq Iraq,29,1996,1.5,0,0,0,0,1,0,0,0,0
111,Martin Baturina,MFFW,hr Croatia,23,2003,3.6,0,0,0,1,14,0,8,1,2
112,Ibrahim Bayesh,MFFW,iq Iraq,26,2000,2.6,0,0,0,3,5,0,4,1,4
113,Samed Baždar,FW,ba Bosnia–Herz,22,2004,0.3,0,0,0,1,1,0,0,0,0
114,Riechedly Bazoer,DF,cw Curaçao,29,1996,1,0,0,0,2,0,0,0,1,1
115,Patrick Beach,GK,au Australia,22,2003,4.3,0,0,0,0,0,0,0,0,0
116,Aziz Behich,MF,au Australia,35,1990,2.4,0,0,0,1,4,0,6,1,4
117,Maximilian Beier,FWMF,de Germany,23,2002,0.3,0,0,0,1,1,0,0,0,0
118,Alireza Beiranvand,GK,ir IR Iran,33,1992,3,0,0,0,0,1,0,0,0,0
119,Zineddine Belaïd,DF,dz Algeria,27,1999,0.3,0,0,0,0,0,1,0,0,0
120,Rafik Belghali,DF,dz Algeria,24,2002,3.7,0,0,0,4,2,0,4,1,3
121,Joe Bell,MF,nz New Zealand,27,1999,2.7,0,0,0,3,0,0,0,4,2
122,Jean-Ricner Bellegarde,MF,ht Haiti,27,1998,2.9,1,0,0,4,5,0,10,3,2
123,Jude Bellingham,MF,eng England,22,2003,6.8,1,0,0,9,17,1,8,3,10
124,Mortadha Ben Ouanes,DFMF,tn Tunisia,31,1994,0.3,0,0,0,0,1,0,0,0,0
125,Anis Ben Slimane,MFFW,tn Tunisia,25,2001,2.7,0,0,0,0,0,2,6,2,2
126,Oussama Benbot,GK,dz Algeria,31,1994,1,0,0,0,0,1,0,0,0,0
127,Nadhir Benbouali,FW,dz Algeria,26,2000,0.5,0,0,0,0,0,0,0,0,1
128,Gilson Benchimol,FW,cv Cabo Verde,24,2001,0.9,0,0,0,0,1,0,0,0,0
129,Ramy Bensebaini,DF,dz Algeria,31,1995,4,0,0,0,1,5,0,0,7,6
130,Nabil Bentaleb,MF,dz Algeria,31,1994,3.2,0,0,0,2,3,0,3,3,4
131,Rodrigo Bentancur,MF,uy Uruguay,28,1997,3,1,0,0,7,5,0,4,7,5
132,Patrick Berg,MF,no Norway,28,1997,4.9,1,0,0,4,2,0,11,2,7
133,Sander Berge,MF,no Norway,28,1998,5.3,0,0,0,6,2,0,1,9,4
134,Lucas Bergvall,MF,se Sweden,20,2006,2,1,0,0,7,4,0,3,2,2
135,Sebastian Berhalter,MF,us USA,25,2001,2.1,1,0,0,5,6,0,11,3,0
136,Alexander Bernhardsson,MF,se Sweden,27,1998,2.4,0,0,0,2,4,0,3,2,2
137,Tyler Bindon,DF,nz New Zealand,21,2005,1.1,0,0,0,2,1,0,2,1,2
138,César Blackman,MFDF,pa Panama,28,1998,2,1,0,0,2,2,1,0,1,0
139,Damián Bobadilla,MF,py Paraguay,24,2001,2.1,0,0,0,1,1,0,1,5,3
140,Oscar Bobb,FW,no Norway,22,2003,2.5,0,0,0,1,4,0,2,3,3
141,Moïse Bombito,DF,ca Canada,26,2000,2.1,0,0,0,2,0,0,0,1,0
142,Theo Bongonda,FWMF,cd Congo DR,30,1995,0.4,0,0,0,0,1,0,2,1,0
143,Ange-Yoan Bonny,FW,ci Côte d'Ivoire,22,2003,2.6,0,0,0,1,3,1,1,1,2
144,Jordy Bos,MFDF,au Australia,23,2002,3.4,1,0,0,4,4,0,8,3,3
145,Ayyoub Bouaddi,MF,ma Morocco,18,2007,4.2,0,0,0,3,6,0,0,1,3
146,Hicham Boudaoui,MF,dz Algeria,26,1999,1.4,1,0,0,4,1,0,1,2,1
147,Karim Boudiaf,MF,qa Qatar,35,1990,1.1,0,0,0,0,2,0,0,0,0
148,Adil Boulbina,FW,dz Algeria,23,2003,0.2,0,0,0,0,0,1,0,0,0
149,Yassine Bounou,GK,ma Morocco,35,1991,6.3,0,0,0,0,4,0,0,0,0
150,Nawaf Boushal,DF,sa Saudi Arabia,26,1999,1,0,0,0,1,1,0,0,1,0
151,Michael Boxall,DF,nz New Zealand,37,1988,2.3,0,0,0,2,2,0,1,2,1
152,Sultan Al-Brake,DF,qa Qatar,30,1996,1.6,0,0,0,2,0,0,5,2,1
153,Joshua Brenet,DF,cw Curaçao,32,1994,2,0,0,0,0,1,1,0,1,4
154,Brian Brobbey,FW,nl Netherlands,24,2002,2.5,0,0,0,4,3,2,1,0,1
155,Dylan Bronn,DF,tn Tunisia,30,1995,0.5,0,0,0,1,0,0,0,1,0
156,Nathaniel Brown,DF,de Germany,22,2003,3.1,0,0,0,4,1,0,17,2,6
157,Tajon Buchanan,MF,ca Canada,27,1999,4.2,0,0,0,5,8,2,16,1,5
158,Ante Budimir,FW,hr Croatia,34,1991,1.7,0,0,0,6,4,0,0,0,1
159,Firas Al-Buraikan,FW,sa Saudi Arabia,26,2000,2.6,1,0,0,2,3,0,0,1,0
160,Cameron Burgess,DF,au Australia,30,1995,1.5,0,0,0,0,0,0,0,1,1
161,Dan Burn,DF,eng England,34,1992,0.4,0,0,0,1,0,0,0,0,0
162,Dženis Burni?,MF,ba Bosnia–Herz,28,1998,0.2,0,0,0,0,0,0,0,0,0
163,Gustavo Caballero,FWMF,py Paraguay,24,2001,1.1,0,0,0,2,2,1,0,0,2
164,Jovane Cabral,FW,cv Cabo Verde,28,1998,1.5,0,0,0,1,2,0,1,1,3
165,Liberato Cacace,DF,nz New Zealand,25,2000,2.4,0,0,0,1,5,0,8,3,2
166,Juan Cáceres,DF,py Paraguay,26,2000,4.8,1,0,0,9,6,0,10,5,11
167,Sebastián Cáceres,DF,uy Uruguay,26,1999,3,0,0,0,2,2,0,1,2,1
168,Jordy Caicedo,FW,ec Ecuador,28,1997,0.2,0,0,0,2,0,0,0,0,0
169,Moisés Caicedo,MF,ec Ecuador,24,2001,4,1,0,0,5,4,0,17,4,6
170,U?urcan Çak?r,GK,tr Türkiye,30,1996,3,0,0,0,0,0,0,0,0,0
171,Hakan Çalhano?lu,MF,tr Türkiye,32,1994,2,0,0,0,2,1,0,10,1,3
172,Lamine Camara,MF,sn Senegal,22,2004,2.8,1,0,0,5,3,0,7,2,1
173,Jaminton Campaz,FWMF,co Colombia,26,2000,0.8,0,0,0,2,3,2,2,0,1
174,?rfan Can Kahveci,MF,tr Türkiye,30,1995,0,0,0,0,0,0,0,0,0,1
175,José Canale,DF,py Paraguay,29,1996,1.8,0,0,0,1,2,0,1,1,6
176,João Cancelo,DF,pt Portugal,32,1994,3.5,0,0,0,6,2,1,17,5,4
177,Agustín Canobbio,FW,uy Uruguay,27,1998,2.5,0,1,0,7,5,1,8,2,3
178,Casemiro,MF,br Brazil,34,1992,4.2,2,0,0,6,6,0,5,6,5
179,Josué Casimir,MF,ht Haiti,24,2001,2,1,0,0,4,4,0,3,0,0
180,Timothy Castagne,DF,be Belgium,30,1995,5.3,1,0,0,7,2,0,20,8,7
181,Kevin Castaño,MF,co Colombia,25,2000,0.2,0,0,0,0,0,0,0,0,0
182,Jens Castrop,MF,kr Korea Republic,22,2003,0.5,0,0,0,3,0,0,3,0,0
183,Zeki Çelik,DF,tr Türkiye,29,1997,1.8,0,0,0,1,0,0,1,1,3
184,Lukáš ?erv,MF,cz Czechia,25,2001,1.8,0,0,0,3,3,0,0,0,3
185,Fares Chaïbi,MF,dz Algeria,23,2002,4,1,0,0,3,2,1,6,3,5
186,Trevoh Chalobah,DFMF,eng England,26,1999,0,0,0,0,0,0,0,0,0,0
187,Št?pán Chaloupek,DF,cz Czechia,23,2003,1,0,0,0,1,0,0,0,2,0
188,Mouhib Chamakh,GK,tn Tunisia,24,2001,1,0,0,0,0,0,0,0,0,0
189,Firas Chaouat,FW,tn Tunisia,30,1996,0.5,0,0,0,1,2,3,0,0,0
190,Luis Chávez,MF,mx Mexico,30,1996,0.3,0,0,0,1,0,0,1,0,1
191,Mateo Chávez,DF,mx Mexico,22,2004,0.9,0,0,0,1,1,0,1,0,1
192,Samir Chergui,DF,dz Algeria,27,1999,0.2,0,0,0,0,0,0,0,0,0
193,Rayan Cherki,MF,fr France,22,2003,1.4,0,0,0,2,2,0,1,1,1
194,Mathieu Choinière,MF,ca Canada,27,1999,0.6,0,0,0,1,1,0,4,2,1
195,Tahith Chong,MF,cw Curaçao,26,1999,2.7,0,0,0,3,13,0,1,1,0
196,Tomáš Chorý,FW,cz Czechia,31,1995,0.3,0,0,0,2,1,0,0,0,0
197,Ryan Christie,MF,sct Scotland,31,1995,1.1,1,0,0,2,1,0,1,2,3
198,Carney Chukwuemeka,MF,at Austria,22,2003,0.9,0,0,0,2,2,0,0,0,0
199,Mojmír Chytil,FW,cz Czechia,27,1999,0.1,0,0,0,1,0,0,0,0,0
200,Brian Cipenga,MFFW,cd Congo DR,28,1998,1.6,0,0,0,2,1,1,9,0,2
201,Alessandro Circati,DF,au Australia,22,2003,4.3,1,0,0,5,4,0,2,2,7
202,Pathé Ciss,DF,sn Senegal,32,1994,2,0,0,0,1,0,0,0,0,0
203,Livano Comenencia,MF,cw Curaçao,22,2004,2.6,1,0,0,4,1,0,1,11,1
204,Eray Cömert,DF,ch Switzerland,28,1998,0.3,0,0,0,0,0,0,0,0,0
205,Francisco Conceição,MF,pt Portugal,23,2002,1.4,0,0,0,1,2,1,3,0,2
206,Jhon Córdoba,FW,co Colombia,33,1993,1.1,0,0,0,1,2,2,0,0,0
207,José Córdoba,DF,pa Panama,25,2001,3,0,0,0,5,1,0,1,1,3
208,Derek Cornelius,DF,ca Canada,28,1997,3.5,1,0,0,4,3,0,1,2,3
209,Diogo Costa,GK,pt Portugal,26,1999,5,0,0,0,0,1,0,0,0,0
210,Nuno da Costa,FW,cv Cabo Verde,35,1991,1.8,0,0,0,0,3,0,1,1,2
211,Samu Costa,MF,pt Portugal,25,2000,0.2,0,0,0,0,0,0,0,0,1
212,Vladimír Coufal,MFDF,cz Czechia,33,1992,3,0,0,0,4,3,1,20,2,1
213,Thibaut Courtois,GK,be Belgium,34,1992,6.1,0,0,0,0,0,0,0,0,0
214,Maxime Crépeau,GK,ca Canada,32,1994,5,0,0,0,1,1,0,0,0,1
215,Max Crocombe,GK,nz New Zealand,32,1993,3,0,0,0,0,1,0,0,0,0
216,Pau Cubarsí,DF,es Spain,19,2007,8.3,1,0,0,4,5,0,1,4,4
217,Andrés Cubas,MF,py Paraguay,30,1996,5.3,1,0,0,14,3,0,0,11,13
218,Cucho,FWMF,co Colombia,27,1999,0.6,0,0,0,0,1,0,1,0,0
219,Marc Cucurella,DF,es Spain,27,1998,8.3,1,0,0,8,5,4,13,7,4
220,Matheus Cunha,FW,br Brazil,27,1999,3.2,0,0,0,1,3,1,4,3,3
221,Findlay Curtis,MF,sct Scotland,19,2006,0.1,1,0,0,1,0,0,1,0,0
222,Aymen Dahmen,GK,tn Tunisia,29,1997,2,0,0,0,0,1,0,0,0,0
223,Diogo Dalot,DFMF,pt Portugal,27,1999,0.7,0,0,0,0,1,0,1,0,2
224,Danilo,DF,br Brazil,34,1991,4.5,2,0,0,7,1,1,10,7,2
225,Kevin Danso,DF,at Austria,27,1998,2.7,0,0,0,1,2,0,1,0,1
226,Vladimír Darida,MF,cz Czechia,35,1990,0.6,0,0,0,0,1,0,0,1,0
227,Jonathan David,FW,ca Canada,26,2000,4.7,1,0,0,5,5,0,3,3,1
228,Promise David,FW,ca Canada,24,2001,0.9,0,0,0,4,2,0,0,1,1
229,Alphonso Davies,DFFW,ca Canada,25,2000,0.2,0,0,0,0,0,0,0,0,0
230,Erick Davis,DF,pa Panama,35,1991,0,0,0,0,0,1,0,2,0,1
231,Nasser Al-Dawsari,MF,sa Saudi Arabia,27,1998,2.3,1,0,0,7,2,0,1,4,4
232,Salem Al-Dawsari,MF,sa Saudi Arabia,34,1991,2.7,1,0,0,3,4,1,3,1,1
233,Mohammad Al-Dawud,FWMF,jo Jordan,34,1992,0,0,0,0,0,0,0,0,0,0
234,Kevin De Bruyne,MF,be Belgium,34,1991,4.2,1,0,0,2,4,0,21,0,2
235,Maxim De Cuyper,DF,be Belgium,25,2000,4.9,1,0,0,7,2,0,12,6,2
236,Luc De Fougerolles,DF,ca Canada,20,2005,4.1,2,0,0,8,8,0,1,2,6
237,Charles De Ketelaere,FWMF,be Belgium,25,2001,3.9,0,0,0,2,3,2,3,5,4
238,Nicolás De La Cruz,MF,uy Uruguay,29,1997,1,1,0,0,2,3,0,5,2,1
239,Rodrigo De Paul,MF,ar Argentina,32,1994,5.5,1,0,0,2,5,1,14,6,4
240,Amar Dedi?,DF,ba Bosnia–Herz,23,2002,3,1,0,0,6,3,0,0,1,7
241,Louicius Deedson,MF,ht Haiti,25,2001,1.2,0,0,0,3,1,1,4,1,0
242,Hannes Delcroix,DF,ht Haiti,27,1999,3,0,0,0,1,2,0,0,4,3
243,Ousmane Dembélé,MF,fr France,29,1997,6.6,0,0,0,0,4,3,34,0,2
244,Merih Demiral,DF,tr Türkiye,28,1998,2,0,0,0,2,1,3,1,1,1
245,Ermedin Demirovi?,FW,ba Bosnia–Herz,28,1998,3.9,1,0,0,11,3,1,0,1,1
246,Sergiño Dest,MF,us USA,25,2000,3.3,0,0,0,2,4,0,3,5,1
247,Frans Dhia Putros,DF,iq Iraq,32,1993,1,0,0,0,2,0,0,1,2,2
248,Oumar Diakité,FW,ci Côte d'Ivoire,22,2003,0.3,0,0,0,0,0,0,1,0,1
249,Amad Diallo,MFFW,ci Côte d'Ivoire,23,2002,2.1,0,0,0,0,2,1,4,2,4
250,Assane Diao,MF,sn Senegal,20,2005,0.1,0,0,0,0,0,0,0,0,1
251,Habib Diarra,MF,sn Senegal,22,2004,1.6,0,0,0,2,2,0,1,1,2
252,Rúben Dias,DF,pt Portugal,29,1997,4,1,0,0,6,3,0,0,5,3
253,Krépin Diatta,DF,sn Senegal,27,1999,4.3,0,0,0,4,6,0,12,3,10
254,Mory Diaw,GK,sn Senegal,32,1993,2.6,0,0,0,0,2,0,0,0,0
255,Brahim Díaz,MF,ma Morocco,26,1999,5.1,0,0,0,3,10,0,8,4,2
256,Ismael Díaz,FWMF,pa Panama,29,1997,0.4,0,0,0,0,0,2,0,0,1
257,Luis Díaz,FWMF,co Colombia,29,1997,5.3,0,0,0,7,9,9,4,1,0
258,Bamba Dieng,FW,sn Senegal,26,2000,0.1,0,0,0,0,0,0,0,0,0
259,Lucas Digne,DF,fr France,32,1993,5.1,0,0,0,7,2,0,15,2,3
260,Diney,DF,cv Cabo Verde,31,1995,4.3,1,0,0,2,0,0,0,4,7
261,Ousmane Diomande,DF,ci Côte d'Ivoire,22,2003,1,0,0,0,0,0,0,0,1,0
262,Yan Diomandé,MFFW,ci Côte d'Ivoire,19,2006,3.7,0,0,0,2,7,0,14,4,6
263,Issa Diop,DF,ma Morocco,29,1997,5.3,3,0,0,4,1,0,0,7,1
264,El Hadji Malick Diouf,DF,sn Senegal,21,2004,1.9,0,0,0,2,0,0,8,1,1
265,Ritsu Doan,MF,jp Japan,27,1998,3.1,0,0,0,6,4,0,5,1,1
266,Jeremy Doku,MF,be Belgium,24,2002,3.4,0,0,0,4,18,0,6,3,1
267,Merchas Doski,DF,iq Iraq,26,1999,3,1,0,0,3,8,0,4,6,9
268,David Doud?ra,MF,cz Czechia,28,1998,1,0,0,0,0,1,0,5,1,0
269,Désiré Doué,MF,fr France,21,2005,4.4,0,0,0,4,8,0,3,2,6
270,Guéla Doué,DF,ci Côte d'Ivoire,23,2002,3.1,1,0,0,6,5,0,12,3,5
271,Deroy Duarte,MF,cv Cabo Verde,26,1999,2.9,0,0,0,4,1,0,1,6,5
272,Laros Duarte,MF,cv Cabo Verde,29,1997,1.8,0,0,0,0,2,0,2,2,1
273,Denzel Dumfries,DFMF,nl Netherlands,30,1996,4.3,0,0,0,6,3,1,16,1,6
274,Jean-Kevin Duverne,DF,ht Haiti,28,1997,1.9,0,0,0,2,1,1,1,4,2
275,Lyndon Dykes,FWMF,sct Scotland,30,1995,0.4,0,0,0,2,0,0,1,0,0
276,Edin Džeko,FW,ba Bosnia–Herz,40,1986,2,1,0,0,1,2,0,0,1,0
277,Roshon van Eijma,DF,cw Curaçao,28,1998,0.2,0,0,0,0,0,0,0,0,0
278,Anthony Elanga,MFFW,se Sweden,24,2002,2.4,0,0,0,0,7,1,12,2,0
279,Meschak Elia,FWMF,cd Congo DR,28,1997,0.5,0,0,0,2,0,0,2,1,0
280,Callan Elliot,DF,nz New Zealand,26,1999,0.1,0,0,0,0,0,0,0,0,1
281,Eren Elmal?,DF,tr Türkiye,25,2000,1.2,1,0,0,2,1,0,1,2,1
282,Nico Elvedi,DF,ch Switzerland,29,1996,6.7,1,0,0,5,6,0,0,6,2
283,Breel Embolo,FW,ch Switzerland,29,1997,5.6,2,1,1,9,11,4,1,2,0
284,Julio Enciso,FW,py Paraguay,22,2004,4.3,0,0,0,3,9,0,5,1,5
285,Endrick,FW,br Brazil,19,2006,1.3,0,0,0,1,1,1,0,1,1
286,Sherzod Esanov,MF,uz Uzbekistan,23,2003,0,0,0,0,0,0,0,0,1,0
287,Fidel Escobar,DF,pa Panama,31,1995,1,0,0,0,1,0,0,1,1,2
288,Pervis Estupiñán,MF,ec Ecuador,28,1998,1,0,0,0,3,0,0,2,0,1
289,Derrick Etienne,FWMF,ht Haiti,29,1996,0.1,0,0,0,0,0,0,2,0,0
290,Stephen Eustáquio,MF,ca Canada,29,1996,4.4,0,0,0,2,7,0,45,3,5
291,Martin Expérience,DFMF,ht Haiti,27,1999,3,0,0,0,7,6,0,6,4,6
292,Saeid Ezatolahi,MF,ir IR Iran,29,1996,2.9,2,0,0,7,4,0,0,7,5
293,Eberechi Eze,MF,eng England,27,1998,2.3,0,0,0,2,4,1,2,0,0
294,Fabinho,DFMF,br Brazil,32,1993,0.8,1,0,0,4,0,0,0,2,1
295,José Fajardo,FW,pa Panama,32,1993,1.7,1,0,0,4,3,1,0,0,2
296,Odeh Al-Fakhouri,MFFW,jo Jordan,20,2005,1.6,0,0,0,2,3,1,1,2,1
297,Henrik Falchener,DF,no Norway,23,2003,0.7,0,0,0,0,0,0,0,1,0
298,Marko Farji,MF,iq Iraq,22,2004,0.6,0,0,0,0,2,0,2,1,1
299,Christian Fassnacht,FWMF,ch Switzerland,32,1993,0.1,0,0,0,0,0,0,0,0,1
300,Abdul Fatawu Issahaku,FWMF,gh Ghana,22,2004,1.5,1,0,0,1,7,0,7,0,0
301,Ahmed Fathy,MF,qa Qatar,33,1993,1.7,2,0,0,2,1,0,0,3,3
302,Hamdy Fathy,DFMF,eg Egypt,31,1994,2.6,1,0,0,3,2,1,1,2,3
303,Ahmed Fatouh,DF,eg Egypt,28,1998,3,1,0,0,2,3,0,8,4,5
304,Abbosbek Fayzullayev,MF,uz Uzbekistan,22,2003,2.4,0,0,0,6,4,0,10,1,6
305,João Félix,MF,pt Portugal,26,1999,2.2,0,0,0,3,6,0,4,3,4
306,Lewis Ferguson,MF,sct Scotland,26,1999,3,0,0,0,5,10,0,9,4,7
307,Bruno Fernandes,MF,pt Portugal,31,1994,4.7,0,0,0,2,8,1,22,0,5
308,Enzo Fernández,MF,ar Argentina,25,2001,7.3,2,1,1,12,6,1,5,6,7
309,Matias Fernandez-Pardo,FWMF,be Belgium,21,2005,0.5,0,0,0,0,0,0,2,0,1
310,Álvaro Fidalgo,MF,mx Mexico,29,1997,1.1,0,0,0,0,2,0,4,1,0
311,Sherel Floranus,DF,cw Curaçao,27,1998,3,0,0,0,2,0,1,0,4,6
312,Seko Fofana,MF,ci Côte d'Ivoire,31,1995,1,1,0,0,1,0,0,0,2,0
313,Yahia Fofana,GK,ci Côte d'Ivoire,25,2000,4,0,0,0,0,3,0,0,0,0
314,Deveron Fonville,DF,cw Curaçao,23,2003,2.7,0,0,0,2,3,0,0,5,3
315,Yassin Fortuné,FWMF,ht Haiti,27,1999,0.1,0,0,0,0,1,0,0,0,0
316,Lyle Foster,FW,za South Africa,25,2000,0.6,0,0,0,0,1,0,0,0,0
317,Alan Franco,DF,ec Ecuador,27,1998,2.8,2,0,0,7,0,0,5,4,6
318,Alex Freeman,DF,us USA,21,2004,4.2,0,0,0,1,1,0,4,7,6
319,Matt Freese,GK,us USA,27,1998,4,0,0,0,0,2,0,0,0,0
320,Remo Freuler,MF,ch Switzerland,34,1992,6.6,0,0,0,8,3,1,5,8,5
321,Marco Friedl,DF,at Austria,28,1998,0.3,0,0,0,0,0,0,0,0,0
322,Juriën Gaari,DF,cw Curaçao,32,1993,1.8,1,0,0,4,1,0,0,2,2
323,Jassem Gaber,MF,qa Qatar,24,2002,1.7,1,0,0,7,0,0,0,0,2
324,Cody Gakpo,FW,nl Netherlands,27,1999,4.1,0,0,0,3,3,3,12,2,1
325,Matías Galarza,MF,py Paraguay,24,2002,4.3,2,0,0,10,9,0,4,7,11
326,Hernán Galíndez,GK,ec Ecuador,39,1987,4,0,0,0,0,0,0,0,0,0
327,Jesús Gallardo,DF,mx Mexico,31,1994,4.1,0,0,0,7,3,0,16,7,1
328,Ahmed Al-Ganehi,FW,qa Qatar,25,2000,0.4,0,0,0,1,0,0,1,0,1
329,Ben Gannon-Doak,MF,sct Scotland,20,2005,2.1,0,0,0,3,1,0,6,0,1
330,Eric García,DFMF,es Spain,25,2001,0.2,0,0,0,1,0,0,0,1,0
331,Gavi,FW,es Spain,21,2004,0.8,0,0,0,2,1,0,2,1,2
332,Jason Geria,DF,au Australia,33,1993,0.7,0,0,0,2,0,0,1,2,1
333,Khalid Al Ghannam,MF,sa Saudi Arabia,25,2000,0,0,0,0,0,0,0,0,0,0
334,Ismaël Gharbi,MF,tn Tunisia,22,2004,1.4,0,0,0,0,2,0,1,1,1
335,Mehdi Ghayedi,FW,ir IR Iran,27,1998,0.5,0,0,0,2,1,0,3,0,0
336,Farés Ghedjemis,FWMF,dz Algeria,23,2002,0,0,0,0,0,0,0,0,0,0
337,Saman Ghoddos,MF,ir IR Iran,32,1993,2.3,0,0,0,3,0,1,1,5,4
338,Mohammad Ghorbani,MF,ir IR Iran,25,2001,1,0,0,0,2,1,0,0,2,2
339,Lee Gi-hyuk,DF,kr Korea Republic,25,2000,3,1,0,0,2,1,0,2,5,4
340,Armin Gigovic,MF,ba Bosnia–Herz,24,2002,0.9,0,0,0,0,2,0,0,2,1
341,Orlando Gill,GK,py Paraguay,26,2000,5.3,0,0,0,0,3,0,0,0,0
342,Santiago Giménez,FW,mx Mexico,25,2001,1,0,0,0,1,3,0,0,0,0
343,Aníbal Godoy,MF,pa Panama,36,1990,0,0,0,0,0,1,0,1,0,0
344,Andrés Gómez,MF,co Colombia,23,2002,0,0,0,0,0,0,0,0,1,0
345,Diego Gómez,MF,py Paraguay,23,2003,3.4,2,0,0,5,1,0,1,9,6
346,Gustavo Gómez,DF,py Paraguay,33,1993,5.3,0,0,0,3,2,1,0,2,3
347,Armando González,FW,mx Mexico,23,2003,0.2,0,0,0,1,0,0,0,0,0
348,Nicolás González,MF,ar Argentina,28,1998,2.9,0,0,0,4,3,2,6,1,3
349,Anthony Gordon,MF,eng England,25,2001,4.4,0,0,0,4,10,0,8,3,3
350,Leon Goretzka,MF,de Germany,31,1995,1.1,0,0,0,0,0,0,1,1,1
351,Kenji Gorré,FWMF,cw Curaçao,31,1994,0.2,0,0,0,0,0,0,0,0,0
352,Keisuke Got?,FW,jp Japan,21,2005,0.1,0,0,0,0,1,0,0,0,1
353,Amine Gouiri,FW,dz Algeria,26,2000,2.8,0,0,0,1,1,0,1,0,1
354,Ryan Gravenberch,MF,nl Netherlands,24,2002,3.8,0,0,0,5,3,0,4,6,1
355,Michael Gregoritsch,FW,at Austria,32,1994,2.1,0,0,0,1,1,2,0,0,0
356,Florian Grillitsch,DFMF,at Austria,30,1995,1,0,0,0,3,1,0,1,0,1
357,Pascal Groß,DFMF,de Germany,34,1991,0.2,0,0,0,1,0,0,1,0,2
358,Gabriel Gudmundsson,MFDF,se Sweden,27,1999,3.7,1,0,0,5,7,0,4,5,3
359,Cho Gue-sung,FW,kr Korea Republic,28,1998,0.3,1,0,0,1,0,0,0,0,0
360,Marc Guéhi,DF,eng England,25,2000,7.4,1,0,0,4,13,0,0,6,1
361,Evann Guessand,FWMF,ci Côte d'Ivoire,24,2001,0.2,0,0,0,1,0,0,0,0,0
362,Idrissa Gueye,MF,sn Senegal,36,1989,4,0,0,0,2,2,0,1,2,4
363,Pape Gueye,MF,sn Senegal,27,1999,2.6,1,0,0,4,2,0,3,4,1
364,Bruno Guimarães,MF,br Brazil,28,1997,4.6,0,0,0,4,7,0,16,2,6
365,Deniz Gül,FW,tr Türkiye,21,2004,0.4,0,0,0,2,0,0,0,0,0
366,Arda Güler,MF,tr Türkiye,21,2005,3,0,0,0,3,10,2,14,2,3
367,Angus Gunn,GK,sct Scotland,30,1996,3,0,0,0,0,0,0,0,0,1
368,Malo Gusto,DF,fr France,23,2003,1.3,0,0,0,4,2,0,2,2,3
369,Brian Gutiérrez,MF,mx Mexico,22,2003,2.2,1,0,0,5,3,0,5,2,1
370,Jorge Gutiérrez,DF,pa Panama,27,1998,1,0,0,0,1,2,0,0,1,1
371,Joško Gvardiol,DF,hr Croatia,24,2002,1.5,0,0,0,2,3,0,0,2,2
372,Viktor Gyökeres,FW,se Sweden,28,1998,4,1,0,0,4,7,1,1,0,1
373,Aziz G?aniyev,MF,uz Uzbekistan,28,1998,1.4,0,0,0,2,1,0,6,0,6
374,Erling Haaland,FW,no Norway,25,2000,5.2,0,0,0,5,3,0,1,1,0
375,Ihsan Haddad,DF,jo Jordan,32,1994,2.9,0,0,0,3,1,0,8,2,1
376,Anis Hadj Moussa,MF,dz Algeria,24,2002,1.1,0,0,0,0,2,0,5,1,0
377,Jaouen Hadjam,DF,dz Algeria,23,2003,1.2,0,0,0,0,0,0,1,1,1
378,Amir Hadžiahmetovi?,MF,ba Bosnia–Herz,29,1997,0.1,0,0,0,0,0,0,1,0,0
379,Dennis Hadžikaduni?,DF,ba Bosnia–Herz,27,1998,0.3,0,0,0,1,0,0,0,0,2
380,Karim Hafez,DF,eg Egypt,30,1996,1.9,0,0,0,1,2,0,3,3,1
381,Ehsan Hajsafi,DF,ir IR Iran,36,1990,1,1,0,0,2,1,0,2,1,0
382,Achraf Hakimi,DF,ma Morocco,27,1998,6.3,1,0,0,7,16,0,35,5,10
383,Redouane Halhal,DF,ma Morocco,23,2003,2,1,0,0,3,5,1,0,1,1
384,Ali Al Hamadi,FW,iq Iraq,24,2002,2,0,0,0,1,5,0,0,2,2
385,Abdullah Al-Hamdan,FW,sa Saudi Arabia,26,1999,0.8,0,0,0,2,0,0,1,0,0
386,Mohamed Amine Ben Hamida,DF,tn Tunisia,30,1995,2.2,0,0,0,3,1,0,1,1,9
387,Odiljon Hamrobekov,MF,uz Uzbekistan,30,1996,0.9,1,0,0,1,1,0,0,0,0
388,Lee Han-beom,DF,kr Korea Republic,23,2002,3,0,0,0,7,2,0,2,3,2
389,Grant Hanley,DF,sct Scotland,34,1991,2,0,0,0,1,0,1,0,1,2
390,Sontje Hansen,FW,cw Curaçao,24,2002,0.5,0,0,0,0,0,0,0,0,0
391,Mohamed Hany,DF,eg Egypt,30,1996,5.3,0,0,0,2,1,0,15,6,9
392,Moteb Al-Harbi,DF,sa Saudi Arabia,26,2000,2.1,0,0,0,0,4,0,1,4,1
393,Saleh Hardani,DF,ir IR Iran,27,1998,1,0,0,0,0,2,0,1,2,2
394,Carlos Harvey,MF,pa Panama,26,2000,3,1,0,0,8,3,0,0,0,3
395,Akam Hashim,DF,iq Iraq,27,1998,3,0,0,0,0,3,0,0,2,1
396,Haissem Hassan,MF,eg Egypt,24,2002,1.4,2,0,0,2,2,0,9,0,1
397,Jalal Hassan,GK,iq Iraq,35,1991,1.5,0,0,0,0,1,0,0,0,0
398,Abdulaziz Hatem,MF,qa Qatar,36,1990,0.5,0,0,0,1,0,0,0,0,0
399,Jorrel Hato,DF,nl Netherlands,20,2006,0.4,0,0,0,0,0,0,1,0,0
400,Kai Havertz,FW,de Germany,27,1999,3.9,1,0,0,3,4,1,1,1,2
401,Hassan Al-Haydos,MF,qa Qatar,35,1990,0.6,0,0,0,1,1,0,0,0,0
402,Jan Paul van Hecke,DF,nl Netherlands,26,2000,4.3,0,0,0,4,2,0,1,4,3
403,Hwang Hee-chan,FW,kr Korea Republic,30,1996,1.2,0,0,0,1,2,0,0,0,1
404,Torbjørn Heggem,DF,no Norway,27,1999,4.9,0,0,0,2,0,0,0,2,7
405,Alaa Al Hejji,MF,sa Saudi Arabia,30,1995,0.4,0,0,0,0,0,0,0,1,0
406,Dean Henderson,GK,eng England,29,1997,1,0,0,0,0,0,0,0,1,0
407,Jordan Henderson,MF,eng England,35,1990,0.1,1,0,0,0,1,0,2,0,1
408,Jack Hendry,DF,sct Scotland,31,1995,3,0,0,0,1,3,0,0,0,2
409,Luiz Henrique,FWMF,br Brazil,25,2001,0.3,0,0,0,0,1,0,0,0,0
410,Theo Hernández,DF,fr France,28,1997,2.9,0,0,0,2,4,0,6,3,1
411,Lucas Herrington,DF,au Australia,18,2007,2.3,0,0,0,2,0,0,0,2,1
412,Son Heung-min,FW,kr Korea Republic,33,1992,1.9,0,0,0,0,4,2,3,0,1
413,Aaron Hickey,DF,sct Scotland,24,2002,0.8,1,0,0,2,4,0,1,1,0
414,Isak Hien,DF,se Sweden,27,1999,2.4,1,0,0,3,3,0,0,1,3
415,Piero Hincapié,DF,ec Ecuador,24,2002,3.8,1,1,0,5,4,0,14,4,5
416,Adam Hložek,FW,cz Czechia,23,2002,1.7,0,0,0,4,4,0,0,1,1
417,Tomáš Holeš,DF,cz Czechia,33,1993,1.7,0,0,0,2,2,0,0,4,3
418,Amirhossein Hosseinzadeh,FW,ir IR Iran,25,2000,0.2,0,0,0,0,0,0,0,0,2
419,Robin Hraná?,DF,cz Czechia,26,2000,3,0,0,0,6,0,0,1,1,0
420,Ajdin Hrustic,MF,au Australia,29,1996,0.9,0,0,0,1,0,0,5,0,0
421,César Huerta,FWMF,mx Mexico,25,2000,0.1,0,0,0,0,0,0,0,0,0
422,Al-Hashmi Al-Hussain,MF,qa Qatar,22,2003,0.4,0,0,0,2,2,0,0,1,2
423,Ayman Hussein,FW,iq Iraq,30,1996,1.3,0,0,0,2,1,0,0,0,0
424,Oh Hyeon-gyu,FW,kr Korea Republic,25,2001,1.4,0,0,0,0,1,0,1,0,0
425,Yang Hyun-jun,FWMF,kr Korea Republic,24,2002,0.2,0,0,0,1,0,1,0,1,1
426,Roger Ibanez,DF,br Brazil,27,1998,0.5,1,0,0,2,1,0,0,1,2
427,Yasser Ibrahim,DF,eg Egypt,33,1993,5.2,2,0,0,6,3,0,0,3,6
428,Borja Iglesias,FW,es Spain,33,1993,0,0,0,0,0,0,0,0,0,0
429,Hwang In-beom,MF,kr Korea Republic,29,1996,2.9,0,0,0,1,1,0,2,4,2
430,Christ Inao Oulaï,MF,ci Côte d'Ivoire,20,2006,2.3,0,0,0,3,5,0,0,6,4
431,Zidane Iqbal,MF,iq Iraq,23,2003,2.1,0,0,0,1,2,0,2,1,2
432,Nestory Irankunda,FWMF,au Australia,20,2006,2.9,0,0,0,4,5,0,1,1,0
433,Jackson Irvine,MF,au Australia,33,1993,2.5,1,0,0,3,3,0,2,1,1
434,Alexander Isak,FW,se Sweden,26,1999,4,0,0,0,4,1,5,3,0,2
435,Wilson Isidor,FW,ht Haiti,25,2000,2.1,0,0,0,3,2,1,0,1,1
436,Jamshid Iskanderov,FWMF,uz Uzbekistan,32,1993,0.1,0,0,0,0,0,0,1,0,0
437,Zaid Ismail,MF,iq Iraq,24,2002,1.3,0,0,0,2,0,0,0,1,4
438,Ko Itakura,DF,jp Japan,29,1997,1.4,0,0,0,1,0,0,0,1,0
439,Jacob Italiano,DF,au Australia,24,2001,1.8,1,0,0,0,0,0,8,1,2
440,Hiroki Ito,DF,jp Japan,27,1999,4,0,0,0,7,0,0,9,0,2
441,Junya It?,MF,jp Japan,33,1993,2.4,0,0,0,2,5,0,17,1,2
442,Cedric Itten,FWMF,ch Switzerland,29,1996,0.5,0,0,0,4,2,0,1,0,0
443,Nicolas Jackson,FW,sn Senegal,24,2001,2.6,0,0,0,2,0,5,1,1,2
444,Lee Jae-sung,FW,kr Korea Republic,33,1992,1.3,0,0,0,1,4,1,0,2,3
445,Alireza Jahanbakhsh,FWMF,ir IR Iran,32,1993,0.5,0,0,0,2,0,0,1,0,1
446,Ismail Jakobs,DF,sn Senegal,26,1999,2.4,0,0,0,2,0,0,18,2,2
447,Reece James,DF,eng England,26,1999,3.5,0,0,0,3,1,0,9,3,3
448,Amer Jamous,MF,jo Jordan,23,2002,0.2,0,0,0,1,0,0,0,0,0
449,Luca Jaquez,DF,ch Switzerland,23,2003,0.9,0,0,0,3,1,0,2,1,0
450,Ardon Jashari,MF,ch Switzerland,23,2002,0.8,0,0,0,2,1,0,1,0,0
451,Ali Jasim,MF,iq Iraq,22,2004,1.4,0,0,0,1,0,0,4,0,1
452,Danley Jean-Jacques,MF,ht Haiti,26,2000,2.9,1,0,0,5,3,0,1,3,6
453,Eom Ji-sung,MF,kr Korea Republic,24,2002,0.5,0,0,0,0,1,0,3,0,2
454,Raúl Jiménez,FW,mx Mexico,35,1991,3.5,0,0,0,7,2,2,0,0,1
455,Kim Jin-gyu,MF,kr Korea Republic,29,1997,0.6,0,0,0,0,1,0,1,0,1
456,Park Jinseob,DFMF,kr Korea Republic,30,1995,0.4,0,0,0,0,1,0,0,0,0
457,Ruslanbek Jiyanov,FW,uz Uzbekistan,25,2001,0,0,0,0,0,0,0,0,0,1
458,Alistair Johnston,DF,ca Canada,27,1998,5,1,0,0,5,4,0,19,6,2
459,Frenkie de Jong,MF,nl Netherlands,29,1997,3.6,0,0,0,6,6,0,1,8,7
460,Lenny Joseph,FW,ht Haiti,25,2000,1.3,0,0,0,6,1,0,0,0,0
461,Edmilson Junior,MFFW,qa Qatar,31,1994,2.3,0,0,0,4,2,1,4,0,1
462,Vinicius Júnior,FW,br Brazil,25,2000,4.9,0,0,0,4,10,3,12,1,1
463,Elijah Just,MF,nz New Zealand,26,2000,2.9,1,0,0,3,2,0,2,2,3
464,Musab Al Juwayr,MFFW,sa Saudi Arabia,22,2003,1.7,0,0,0,1,1,2,7,1,3
465,Ayoub El Kaabi,FW,ma Morocco,32,1993,0.8,0,0,0,1,1,3,0,0,2
466,Ozan Kabak,DF,tr Türkiye,26,2000,1,0,0,0,3,0,0,1,0,2
467,Ferdi Kadioglu,DF,tr Türkiye,26,1999,1.8,0,0,0,0,3,0,4,1,2
468,Kaku,MF,py Paraguay,31,1995,0.1,0,0,0,1,1,0,0,0,0
469,Saša Kalajdži?,FW,at Austria,28,1997,0.9,0,0,0,2,2,0,1,0,0
470,Gédéon Kalulu,DF,cd Congo DR,28,1997,0.1,0,0,0,0,0,0,0,0,0
471,Daichi Kamada,MF,jp Japan,29,1996,3.7,1,0,0,2,4,1,4,1,3
472,Hossein Kanaanizadegan,DF,ir IR Iran,32,1994,1.5,1,0,0,1,0,0,0,2,0
473,Harry Kane,FW,eng England,32,1993,7.2,0,0,0,8,9,2,1,1,3
474,Lee Kang-in,FW,kr Korea Republic,25,2001,3,1,0,0,1,7,0,19,0,0
475,Mohamed Kanno,MF,sa Saudi Arabia,31,1994,2.5,1,0,0,5,0,0,0,2,4
476,Steve Kapuadi,DF,cd Congo DR,28,1998,2,0,0,0,2,0,0,0,1,1
477,Bekhruz Karimov,DF,uz Uzbekistan,18,2007,2,0,0,0,8,4,0,2,3,5
478,Jesper Karlström,MF,se Sweden,30,1995,1.5,0,0,0,3,0,0,0,1,3
479,Gervane Kastaneer,FWMF,cw Curaçao,30,1996,0.3,2,0,0,2,0,0,0,0,0
480,Nikola Kati?,DF,ba Bosnia–Herz,29,1996,3.5,1,0,0,4,0,0,0,5,6
481,Edo Kayembe,MF,cd Congo DR,28,1998,1.8,0,0,0,5,3,0,2,0,1
482,Joris Kayembe,DFFW,cd Congo DR,31,1994,0.5,0,0,0,0,1,0,3,4,4
483,Franck Kessié,MF,ci Côte d'Ivoire,29,1996,3.8,1,0,0,7,2,1,2,0,4
484,Abdullah Al-Khaibari,MF,sa Saudi Arabia,29,1996,2,0,0,0,0,2,0,0,1,1
485,Shoja' Khalilzadeh,DF,ir IR Iran,37,1989,3,1,0,0,4,0,1,0,3,3
486,Dostonbek Khamdamov,MF,uz Uzbekistan,29,1996,1.1,0,0,0,1,0,1,5,2,4
487,Bilal El Khannouss,MFFW,ma Morocco,22,2004,5.1,1,0,0,5,6,0,10,1,7
488,Rani Khedira,MF,tn Tunisia,32,1994,1.7,1,0,0,3,0,0,0,2,1
489,Boualem Khoukhi,DF,qa Qatar,35,1990,3,0,0,0,2,1,0,2,3,3
490,Abdukodir Khusanov,DF,uz Uzbekistan,22,2004,3,2,0,0,6,0,0,0,5,3
491,Joshua Kimmich,DF,de Germany,31,1995,3.9,0,0,0,0,7,0,31,4,4
492,Justin Kluivert,FWMF,nl Netherlands,27,1999,0.3,0,0,0,0,2,0,1,0,0
493,Gregor Kobel,GK,ch Switzerland,28,1997,6.7,0,0,0,0,3,0,0,0,0
494,Orkun Kökçü,MF,tr Türkiye,25,2000,1.7,0,0,0,2,4,0,6,0,1
495,Sead Kolašinac,DF,ba Bosnia–Herz,32,1993,3.7,0,0,0,6,4,0,9,2,6
496,Ghislain Konan,DF,ci Côte d'Ivoire,30,1995,3,0,0,0,0,1,0,8,0,3
497,Ibrahima Konaté,DF,fr France,27,1999,0.7,0,0,0,2,1,0,0,3,0
498,Ismaël Koné,MF,ca Canada,23,2002,1.6,0,0,0,1,3,0,3,3,2
499,Manu Koné,MF,fr France,25,2001,4.3,1,0,0,6,7,0,1,3,5
500,Ezri Konsa,DF,eng England,28,1997,7.2,0,0,0,8,11,0,3,8,5
501,Teun Koopmeiners,DFMF,nl Netherlands,28,1998,1.4,0,0,0,3,0,0,5,1,1
502,Odilon Kossounou,DF,ci Côte d'Ivoire,25,2001,3,0,0,0,0,1,0,0,3,3
503,Kalidou Koulibaly,DF,sn Senegal,34,1991,1.8,0,0,0,0,0,0,0,2,1
504,Jules Koundé,DF,fr France,27,1998,6.7,0,0,0,6,5,1,12,3,8
505,Mateo Kova?i?,MF,hr Croatia,32,1994,3,0,0,0,3,3,0,0,2,3
506,Matej Kovar,GK,cz Czechia,26,2000,3,0,0,0,0,0,0,0,0,0
507,Andrej Kramari?,FWMF,hr Croatia,34,1991,0.7,0,0,0,0,0,1,2,0,1
508,Ladislav Krej?í,DF,cz Czechia,27,1999,3,1,0,0,6,2,0,2,1,3
509,Takefusa Kubo,MF,jp Japan,25,2001,0.8,0,0,0,1,1,0,0,1,0
510,Brandley Kuwas,FWMF,cw Curaçao,33,1992,0,0,0,0,0,0,0,1,0,0
511,Prince Kwabena Adu,FW,gh Ghana,22,2003,0.4,0,0,0,4,0,0,0,0,0
512,Maxence Lacroix,DF,fr France,26,2000,2.7,0,0,0,5,0,1,0,3,2
513,Gustaf Lagerbielke,DF,se Sweden,26,2000,4,0,0,0,1,3,1,1,5,5
514,Konrad Laimer,MFDF,at Austria,29,1997,4,1,0,0,6,3,3,4,2,6
515,Ali Lajami,DF,sa Saudi Arabia,30,1996,1.7,0,0,0,0,2,0,0,3,2
516,Senne Lammens,GK,be Belgium,23,2002,0.2,0,0,0,0,0,0,0,0,0
517,Noa Lang,FWMF,nl Netherlands,26,1999,0.1,0,0,0,0,1,0,0,0,0
518,Sondre Langås,DF,no Norway,25,2001,0.3,0,0,0,0,0,0,0,0,0
519,Aymeric Laporte,DF,es Spain,32,1994,8.1,1,0,0,5,4,0,1,14,3
520,Cyle Larin,FW,ca Canada,31,1995,2.1,2,0,0,5,1,3,0,0,0
521,Richie Laryea,DF,ca Canada,31,1995,4.8,1,0,0,8,14,1,2,2,9
522,Mohanad Lasheen,MF,eg Egypt,30,1996,4,2,0,0,5,3,0,1,8,11
523,Issa Laye,MFDF,qa Qatar,28,1997,3,0,0,0,0,3,0,0,1,1
524,Rafael Leão,MF,pt Portugal,27,1999,1.8,0,0,0,1,2,0,7,2,0
525,Mathew Leckie,MF,au Australia,35,1991,0.7,0,0,0,1,1,0,1,0,0
526,Jefferson Lerma,MF,co Colombia,31,1994,4.6,1,0,0,6,5,0,1,5,1
527,Jamie Leweling,FWMF,de Germany,25,2001,0.3,0,0,0,0,0,0,2,0,0
528,Philipp Lienhart,DF,at Austria,29,1996,2,0,0,0,0,0,0,0,1,1
529,Victor Lindelöf,DFMF,se Sweden,31,1994,4,0,0,0,3,0,0,0,4,1
530,Erik Lira,MF,mx Mexico,26,2000,3.8,0,0,0,3,4,0,2,2,3
531,Dominik Livakovi?,GK,hr Croatia,31,1995,4,0,0,0,0,1,0,0,0,0
532,Dailon Livramento,FW,cv Cabo Verde,25,2001,1.9,0,0,0,1,1,2,2,0,0
533,Marcos Llorente,DF,es Spain,31,1995,2.1,0,0,0,2,1,0,4,1,6
534,Giovani Lo Celso,MF,ar Argentina,30,1996,0.7,0,0,0,1,1,1,1,1,0
535,Jürgen Locadia,FW,cw Curaçao,32,1993,2.6,0,0,0,3,4,2,0,1,0
536,Azarías Londoño,MF,pa Panama,24,2001,0.6,0,0,0,1,0,0,1,1,0
537,Sidny Lopes Cabral,DF,cv Cabo Verde,23,2002,3.2,2,0,0,2,9,0,12,4,2
538,Flaco López,FW,ar Argentina,25,2000,0.2,1,0,0,1,0,0,0,0,1
539,Derrick Luckassen,DF,gh Ghana,30,1995,2,0,0,0,1,2,0,0,0,1
540,Jhon Lucumí,DF,co Colombia,27,1998,5.3,1,0,0,5,0,0,0,5,2
541,José Luis Rodríguez,MFFW,pa Panama,27,1998,2.6,0,0,0,4,2,0,17,0,3
542,Romelu Lukaku,FW,be Belgium,33,1993,2.6,1,0,0,2,0,1,0,0,0
543,Dodi Lukebakio,MF,be Belgium,28,1997,1.8,0,0,0,1,2,0,6,0,1
544,Jovo Luki?,FW,ba Bosnia–Herz,27,1998,0.7,1,0,0,1,0,0,0,0,1
545,Awer Mabil,FWMF,au Australia,30,1995,0.3,0,0,0,0,1,0,1,0,0
546,Alexis Mac Allister,MF,ar Argentina,27,1998,8.3,1,0,0,9,12,0,2,9,12
547,Deiver Machado,DF,co Colombia,32,1993,1,0,0,0,1,2,0,1,2,0
548,Shuto Machino,FW,jp Japan,26,1999,0.1,0,0,0,1,0,0,1,0,0
549,Assim Madibo,MF,qa Qatar,29,1996,1.5,0,1,0,2,1,0,0,4,1
550,Noni Madueke,MF,eng England,24,2002,3.2,0,0,0,2,3,1,21,2,4
551,Daizen Maeda,MF,jp Japan,28,1997,2.7,0,0,0,2,1,1,3,2,3
552,Gabriel Magalhães,DF,br Brazil,28,1997,5,0,0,0,1,3,0,3,4,2
553,Ermin Mahmi?,MF,ba Bosnia–Herz,21,2005,0.8,1,0,0,1,1,0,1,0,1
554,Hadj Mahmoud,MF,tn Tunisia,26,2000,0.5,0,0,0,2,0,0,0,0,2
555,Riyad Mahrez,MF,dz Algeria,35,1991,2.9,0,0,0,1,7,1,10,1,2
556,Alexandro Maidana,DF,py Paraguay,20,2005,0.6,0,0,0,0,0,0,1,1,0
557,Mike Maignan,GK,fr France,30,1995,8,0,0,0,0,2,0,0,0,0
558,Evidence Makgopa,FW,za South Africa,26,2000,2.4,0,0,0,1,1,2,0,1,1
559,Ahmed Maknzi,DF,iq Iraq,24,2001,0.4,0,0,0,0,0,0,0,0,2
560,Donyell Malen,FW,nl Netherlands,27,1999,2.1,0,0,0,0,2,0,5,0,0
561,Arjan Malic,DF,ba Bosnia–Herz,20,2005,0.5,0,0,0,1,1,0,2,0,0
562,Mohamed Manai,DF,qa Qatar,23,2002,0.8,0,0,0,3,0,0,0,2,0
563,Aïssa Mandi,DF,dz Algeria,34,1991,4,0,0,0,0,5,0,0,4,3
564,Sadio Mané,MFFW,sn Senegal,34,1992,4,0,0,0,4,10,3,13,3,2
565,Juan Manuel Sanabria,DF,uy Uruguay,26,2000,2.3,1,0,0,1,0,1,15,1,4
566,Johan Manzambi,MFFW,ch Switzerland,20,2005,2.2,0,0,0,3,3,1,3,0,0
567,Mahmoud Al-Mardi,MF,jo Jordan,32,1993,1.4,0,0,0,4,2,0,7,0,1
568,Jearl Margaritha,FWMF,cw Curaçao,26,2000,0.5,0,0,0,0,0,0,0,0,0
569,Omar Marmoush,FWMF,eg Egypt,27,1999,3.6,0,0,0,3,8,0,5,2,3
570,Marquinhos,DF,br Brazil,32,1994,5,0,0,0,0,2,1,1,3,2
571,Gabriel Martinelli,MF,br Brazil,24,2001,1.6,0,0,0,4,3,0,2,2,0
572,Guillermo Martínez Ayala,FW,mx Mexico,31,1995,0.8,0,0,0,3,1,0,0,0,0
573,Cristian Martínez,MFFW,pa Panama,29,1997,2.7,0,0,0,5,5,1,12,1,4
574,Emiliano Martínez,GK,ar Argentina,33,1992,9,0,0,0,0,1,0,0,0,0
575,Lautaro Martínez,FW,ar Argentina,28,1997,3.4,1,0,0,8,5,2,1,1,1
576,Lisandro Martínez,DF,ar Argentina,28,1998,6.9,2,0,0,7,4,0,2,6,7
577,Thapelo Maseko,MFFW,za South Africa,22,2003,2.7,0,0,0,4,10,0,2,2,1
578,Hazem Mastouri,FW,tn Tunisia,28,1997,1,0,0,0,2,2,0,1,1,0
579,Arthur Masuaku,DF,cd Congo DR,32,1993,3.5,0,0,0,0,4,0,12,0,5
580,Igor Matanovi?,FW,hr Croatia,23,2003,1.1,0,0,0,4,3,1,0,0,0
581,Pape Matar Sarr,MF,sn Senegal,23,2002,0.7,0,0,0,1,0,0,0,1,0
582,Jean-Philippe Mateta,FW,fr France,28,1997,0.3,0,0,0,1,0,0,0,0,0
583,Mauricio,MF,py Paraguay,25,2001,1.9,0,0,0,3,3,0,11,1,6
584,Fiston Mayele,FW,cd Congo DR,31,1994,0.5,0,0,0,1,1,1,0,0,0
585,Ibrahim Maza,MFFW,dz Algeria,20,2005,3.9,0,0,0,1,5,0,1,0,2
586,Noussair Mazraoui,DF,ma Morocco,28,1997,5.3,0,0,0,4,6,0,3,2,8
587,Kylian Mbappé,FW,fr France,27,1998,7.7,1,0,0,6,8,7,4,0,1
588,Thalente Mbatha,MF,za South Africa,26,2000,2.9,1,0,0,4,0,0,4,5,2
589,Ibrahim Mbaye,MF,sn Senegal,18,2008,1.7,0,0,0,0,2,0,9,1,0
590,Chancel Mbemba,DF,cd Congo DR,31,1994,4,1,0,0,1,3,0,4,1,3
591,Mbekezeli Mbokazi,DF,za South Africa,20,2005,4,0,0,0,3,5,1,3,4,5
592,Nathanaël Mbuku,MFFW,cd Congo DR,24,2002,1.6,1,0,0,4,8,0,14,0,3
593,Callum McCowatt,MF,nz New Zealand,27,1999,1.8,1,0,0,4,1,0,3,1,1
594,John McGinn,MF,sct Scotland,31,1994,2.9,0,0,0,2,11,0,10,0,0
595,Scott McKenna,DF,sct Scotland,29,1996,1,0,0,0,0,0,0,0,0,0
596,Weston McKennie,MF,us USA,27,1998,4.9,1,0,0,8,2,0,11,7,7
597,Mark McKenzie,DF,us USA,27,1999,1,0,0,0,1,1,0,0,1,1
598,Kenny McLean,MF,sct Scotland,34,1992,1.3,1,0,0,1,1,0,2,2,1
599,Scott McTominay,MF,sct Scotland,29,1996,3,0,0,0,3,0,0,0,0,2
600,Brandon Mechele,DF,be Belgium,33,1993,6.3,1,0,0,9,2,0,0,4,4
601,Facundo Medina,DF,ar Argentina,27,1999,3.4,1,0,0,3,2,1,1,2,7
602,Yaimar Medina,DFMF,ec Ecuador,21,2004,0.5,0,0,0,1,0,0,4,1,0
603,Hannibal Mejbri,MF,tn Tunisia,23,2003,3,0,0,0,4,15,0,10,1,4
604,Amar Memi?,MF,ba Bosnia–Herz,25,2001,2.5,0,0,0,4,3,0,5,2,2
605,Memphis,FWMF,nl Netherlands,32,1994,0.6,1,0,0,1,1,0,1,0,0
606,Sultan Mendash,MF,sa Saudi Arabia,31,1994,0.7,0,0,0,1,2,0,0,0,3
607,Lucas Mendes,DF,qa Qatar,35,1990,0,0,0,0,0,0,1,0,0,0
608,Nuno Mendes,DF,pt Portugal,23,2002,4.4,0,0,0,3,12,1,19,0,6
609,Ryan Mendes,FWMF,cv Cabo Verde,36,1990,3.7,0,0,0,1,2,2,3,5,2
610,Édouard Mendy,GK,sn Senegal,34,1992,1.7,0,0,0,0,0,0,0,0,0
611,Gideon Mensah,DF,gh Ghana,27,1998,4,0,0,0,2,3,0,3,8,5
612,Mikel Merino,MF,es Spain,29,1996,2.2,0,0,0,6,8,0,1,3,2
613,Lionel Messi,FW,ar Argentina,38,1987,8.2,0,0,0,3,20,5,54,0,10
614,Connor Metcalfe,MF,au Australia,26,1999,3.5,0,0,0,1,0,0,8,2,5
615,Thomas Meunier,DF,be Belgium,34,1991,2.1,0,0,0,9,0,0,7,2,2
616,Liam Millar,MF,ca Canada,26,1999,1.8,1,0,0,3,1,0,10,0,4
617,Kim Min-jae,DF,kr Korea Republic,29,1996,2.7,0,0,0,2,1,0,0,2,2
618,Yerry Mina,DF,co Colombia,31,1994,0,0,0,0,0,1,0,0,0,0
619,Alan Minda,MF,ec Ecuador,23,2003,0.6,0,0,0,0,1,0,2,1,0
620,Aubrey Modiba,DF,za South Africa,30,1995,3.8,1,0,0,4,6,2,11,4,5
621,Luka Modri?,MF,hr Croatia,40,1985,3.5,1,0,0,4,3,0,11,0,3
622,Relebohile Mofokeng,MF,za South Africa,21,2004,1.9,0,0,0,3,2,0,2,0,2
623,Shahriar Moghanlou,FW,ir IR Iran,31,1994,1,0,0,0,1,1,1,2,0,2
624,Milad Mohammadi,DF,ir IR Iran,32,1993,2.3,0,0,0,1,1,2,3,2,4
625,Mohammad Mohebi,MF,ir IR Iran,27,1998,2.7,0,0,0,1,1,0,1,1,1
626,Johan Mojica,DF,co Colombia,33,1992,4.3,1,0,0,1,7,1,11,3,3
627,Teboho Mokoena,MF,za South Africa,29,1997,3,2,0,0,3,6,0,5,5,3
628,Nahuel Molina,DF,ar Argentina,28,1998,5.9,0,0,0,3,0,1,5,8,3
629,Jamiro Monteiro,MF,cv Cabo Verde,32,1993,3.1,0,0,0,4,2,0,7,4,4
630,César Montes,DF,mx Mexico,29,1997,3.5,0,1,0,4,3,0,2,2,1
631,Gonzalo Montiel,DF,ar Argentina,29,1997,2.1,1,0,0,4,2,0,4,3,3
632,Kim Moon-hwan,MF,kr Korea Republic,30,1995,0.8,0,0,0,0,0,0,0,1,1
633,Gilberto Mora,MF,mx Mexico,17,2008,2.4,0,0,0,3,3,0,4,2,2
634,Diego Moreira,MF,be Belgium,21,2004,0.6,0,0,0,2,1,1,5,1,1
635,Steven Moreira,DF,cv Cabo Verde,31,1994,3.3,0,0,0,0,2,0,4,2,3
636,Tshepang Moremi,MF,za South Africa,25,2000,0.4,0,0,0,1,1,0,0,0,1
637,Orlando Mosquera,GK,pa Panama,31,1994,3,0,0,0,0,0,0,0,0,0
638,Samir El Mourabet,MF,ma Morocco,20,2005,0.9,0,0,0,0,1,0,1,1,1
639,Samuel Moutoussamy,MF,cd Congo DR,29,1996,3.7,1,0,0,8,1,0,1,1,8
640,Akmal Mozgovoy,MF,uz Uzbekistan,27,1999,2.4,0,0,0,0,3,0,0,2,0
641,Lionel Mpasi,GK,cd Congo DR,31,1994,4,0,0,0,0,0,0,0,0,0
642,Khuliso Mudau,DF,za South Africa,31,1995,4,0,0,0,4,10,1,3,11,8
643,Tarik Muharemovic,DF,ba Bosnia–Herz,23,2003,2.9,0,1,0,5,2,0,1,8,1
644,Miro Muheim,DFMF,ch Switzerland,28,1998,1,1,0,0,1,3,0,2,2,1
645,Ngal'Ayel Mukau,MF,cd Congo DR,21,2004,2.2,0,0,0,3,4,1,0,3,2
646,Mert Müldür,DF,tr Türkiye,27,1999,1.1,0,0,0,1,2,0,6,1,2
647,Daniel Muñoz,DF,co Colombia,30,1996,4.4,0,0,0,9,1,3,8,7,3
648,Petar Musa,FW,hr Croatia,28,1998,1.2,0,0,0,1,1,0,0,0,0
649,Jamal Musiala,MF,de Germany,23,2003,3,1,0,0,5,11,0,5,1,5
650,Fernando Muslera,GK,uy Uruguay,39,1986,2.5,0,0,0,0,0,0,0,0,0
651,Phillipp Mwene,DF,at Austria,32,1994,1.6,0,0,0,1,1,0,6,3,0
652,David Møller Wolfe,DF,no Norway,24,2002,4.8,0,0,0,7,2,0,5,3,3
653,Y?to Nagatomo,DFMF,jp Japan,39,1986,0.2,0,0,0,0,0,0,1,1,0
654,Keito Nakamura,MF,jp Japan,25,2000,3.4,0,0,0,3,1,1,9,1,3
655,Abdallah Nasib,DF,jo Jordan,32,1994,2.9,0,0,0,1,1,0,0,7,3
656,Sherzod Nasrullaev,DFMF,uz Uzbekistan,27,1998,2,1,0,0,3,2,0,3,2,2
657,Duckens Nazon,FWMF,ht Haiti,32,1994,0.3,1,0,0,0,1,0,0,0,0
658,Iliman Ndiaye,FW,sn Senegal,26,2000,1.3,0,0,0,2,1,0,2,2,0
659,Dan Ndoye,MFFW,ch Switzerland,25,2000,4.5,0,0,0,5,16,4,11,4,5
660,Jayden Nelson,FWMF,ca Canada,23,2002,0,0,0,0,0,0,0,2,0,0
661,Ali Nemati,DF,ir IR Iran,30,1996,3,1,0,0,3,0,1,2,0,2
662,Abduvohid Nematov,GK,uz Uzbekistan,25,2001,2,0,0,0,0,0,0,0,0,0
663,Pedro Neto,MF,pt Portugal,26,2000,3.9,0,0,0,4,4,0,13,0,2
664,Manuel Neuer,GK,de Germany,40,1986,4.3,0,0,0,0,2,0,0,0,0
665,João Neves,MF,pt Portugal,21,2004,4.3,0,0,0,1,4,0,2,4,7
666,Rúben Neves,MF,pt Portugal,29,1997,0.6,0,0,0,0,0,0,0,0,0
667,Neymar,FWMF,br Brazil,34,1992,0.4,1,0,0,1,1,0,7,0,0
668,Nathan Ngoy,DF,be Belgium,23,2003,3.7,0,1,0,6,1,0,0,7,4
669,Moussa Niakhaté,DF,sn Senegal,30,1996,4.3,0,0,0,3,6,0,2,4,1
670,Gustaf Nilsson,FW,se Sweden,29,1997,0,0,0,0,0,0,0,0,0,0
671,Felix Nmecha,MF,de Germany,25,2000,3,0,0,0,3,3,0,2,2,9
672,Kristoffer Nordfeldt,GK,se Sweden,36,1989,2,0,0,0,0,0,0,0,0,0
673,Tyrese Noslin,MF,cw Curaçao,23,2002,0.2,0,0,0,0,2,0,3,0,0
674,Ernest Nuamah,MF,gh Ghana,22,2003,1,0,0,0,2,2,0,1,0,1
675,Matheus Nunes,DFMF,pt Portugal,27,1998,0,0,0,0,0,0,0,0,0,0
676,Darwin Núñez,FW,uy Uruguay,26,1999,1.7,0,0,0,1,1,2,1,2,1
677,Antonio Nusa,FW,no Norway,21,2005,3.5,1,0,0,1,5,2,7,2,2
678,Benjamin Nygren,MF,se Sweden,24,2001,1.4,0,0,0,3,0,0,5,0,0
679,Ørjan Nyland,GK,no Norway,35,1990,5.3,0,0,0,0,0,0,0,1,0
680,Aiden O'Neill,MF,au Australia,27,1998,4,0,0,0,2,8,0,10,2,2
681,Nico O'Reilly,DF,eng England,21,2005,5.1,1,0,0,6,4,0,4,5,3
682,Salim Obaid,DF,jo Jordan,34,1992,0.2,0,0,0,1,0,0,0,0,2
683,Armando Obispo,DF,cw Curaçao,27,1999,3,0,0,0,1,0,1,0,7,1
684,Guillermo Ochoa,GK,mx Mexico,40,1985,0.1,0,0,0,0,0,0,0,0,0
685,K?ki Ogawa,FW,jp Japan,28,1997,0.5,0,0,0,1,0,0,0,0,0
686,Braian Ojeda,MF,py Paraguay,25,2000,0.2,0,0,0,0,0,0,0,0,0
687,Noah Okafor,FWMF,ch Switzerland,26,2000,0.2,0,0,0,0,0,0,0,0,1
688,Ime Okon,DF,za South Africa,22,2004,4,0,0,0,1,0,0,0,5,2
689,Paul Okon-Engstler,MF,au Australia,21,2005,2.2,0,0,0,3,2,0,2,5,2
690,Ben Old,MF,nz New Zealand,23,2002,1,0,0,0,0,1,0,1,1,0
691,Michael Olise,MF,fr France,24,2001,7.2,1,0,0,5,16,0,22,3,8
692,Mathías Olivera,DF,uy Uruguay,28,1997,3,1,0,0,3,0,0,5,2,4
693,Dani Olmo,MF,es Spain,28,1998,5.5,0,0,0,6,10,0,1,1,5
694,Tani Oluwaseyi,FW,ca Canada,26,2000,2.9,0,0,0,5,5,1,2,0,3
695,Ali Olwan,MF,jo Jordan,26,2000,3,0,0,0,1,4,1,5,1,0
696,Amadou Onana,MF,be Belgium,24,2001,1.2,0,0,0,1,3,0,0,2,2
697,Christopher Opéri,DF,ci Côte d'Ivoire,29,1997,1,0,0,0,2,0,0,2,1,2
698,Jerome Opoku,DF,gh Ghana,27,1998,3,0,0,0,2,4,0,0,1,2
699,Joel Ordóñez,DF,ec Ecuador,22,2004,2.5,0,0,0,1,1,0,0,1,5
700,Jonathan Osorio,MF,ca Canada,34,1992,0.1,0,0,0,0,1,0,0,1,0
701,Nicolás Otamendi,DF,ar Argentina,38,1988,2.7,0,0,0,4,4,1,0,6,2
702,Zakaria El Ouahdi,DFMF,ma Morocco,24,2001,0.2,0,0,0,1,1,0,0,0,0
703,Ayoub Al-Oui,DF,qa Qatar,21,2005,1.7,0,0,0,1,0,0,0,2,0
704,Azzedine Ounahi,MF,ma Morocco,26,2000,4.8,1,0,0,3,7,0,4,1,1
705,Mohammed Al-Owais,GK,sa Saudi Arabia,34,1991,3,0,0,0,0,1,0,0,0,0
706,Elisha Owusu,MF,gh Ghana,28,1997,1.7,0,0,0,2,0,0,3,0,3
707,Mikel Oyarzabal,FW,es Spain,29,1997,6.7,0,0,0,4,5,1,3,1,5
708,Salih Özcan,MF,tr Türkiye,28,1998,1.1,0,0,0,2,2,0,1,4,1
709,Willian Pacho,DF,ec Ecuador,24,2001,4,0,0,0,3,2,0,0,8,2
710,Kendry Páez,MF,ec Ecuador,19,2007,0.1,1,0,0,1,0,0,0,0,0
711,Exequiel Palacios,DF,ar Argentina,27,1998,1,0,0,0,1,1,0,0,5,0
712,Lucas Paquetá,MF,br Brazil,28,1997,2.6,0,0,0,3,6,0,5,5,4
713,Leandro Paredes,MF,ar Argentina,31,1994,5.3,2,0,0,9,3,0,2,5,6
714,Thomas Partey,MF,gh Ghana,33,1993,3,0,0,0,2,5,0,0,6,4
715,Marco Pašali?,MF,hr Croatia,25,2000,1.1,0,0,0,0,2,2,11,1,2
716,Mario Pašali?,MF,hr Croatia,31,1995,1.4,0,0,0,2,0,1,1,1,1
717,Nathan Patterson,DF,sct Scotland,24,2001,2.1,0,0,0,2,0,0,1,3,2
718,João Paulo Fernandes,DF,cv Cabo Verde,28,1998,1.2,0,0,0,0,4,0,5,6,1
719,Aleksandar Pavlovic,MF,de Germany,22,2004,3,1,0,0,13,4,0,1,2,3
720,Tim Payne,DF,nz New Zealand,32,1994,2.5,0,0,0,2,2,0,10,1,3
721,Nicolás Paz,MF,ar Argentina,21,2004,0.8,0,0,0,2,1,0,0,0,2
722,Marcus Pedersen,DF,no Norway,25,2000,2.6,0,0,0,3,1,0,6,0,2
723,Pedri,MF,es Spain,23,2002,5.5,1,0,0,4,5,1,13,10,8
724,Nicolas Pépé,FW,ci Côte d'Ivoire,31,1995,2.6,1,0,0,1,1,1,10,3,0
725,Ricardo Pepi,FW,us USA,23,2003,2.3,0,0,0,5,3,2,0,1,1
726,Kojo Peprah Oppong,DF,gh Ghana,22,2004,0.5,1,0,0,1,0,0,0,0,0
727,Ivan Periši?,MFDF,hr Croatia,37,1989,4,2,0,0,4,1,0,20,4,4
728,Jens Petter Hauge,DFFW,no Norway,26,1999,0.1,0,0,0,0,0,0,0,0,0
729,Charles Pickel,DFMF,cd Congo DR,29,1997,0.4,1,0,0,2,1,0,0,0,0
730,Jordan Pickford,GK,eng England,32,1994,7.3,0,0,0,0,4,0,0,0,0
731,Pico,DF,cv Cabo Verde,33,1992,4.3,0,0,0,0,3,0,0,7,5
732,Frantzdy Pierrot,FW,ht Haiti,31,1995,1.6,1,0,0,5,4,2,0,0,0
733,Kevin Pina,MF,cv Cabo Verde,29,1997,3.9,1,0,0,5,3,0,2,3,7
734,Wagner Pina,DF,cv Cabo Verde,23,2002,1,1,0,0,1,3,0,2,1,0
735,Orbelín Pineda,FWMF,mx Mexico,30,1996,0.3,0,0,0,0,2,0,0,0,0
736,Yéremy Pino,FWMF,es Spain,23,2002,0.8,0,0,0,2,0,1,1,0,0
737,Isidro Pitta,FW,py Paraguay,26,1999,0.5,0,0,0,2,0,2,0,0,0
738,Johny Placide,GK,ht Haiti,38,1988,3,1,0,0,0,0,0,0,0,0
739,Gonzalo Plata,FW,ec Ecuador,25,2000,4,1,0,0,5,4,0,8,2,5
740,Marin Pongra?i?,DF,hr Croatia,28,1997,3,0,0,0,3,0,0,0,0,3
741,Jackson Porozo,DF,ec Ecuador,25,2000,0.3,1,0,0,2,0,0,0,0,0
742,Pedro Porro,DF,es Spain,26,1999,6.3,0,0,0,10,9,0,24,8,11
743,Stefan Posch,DF,at Austria,29,1997,3.7,2,0,0,7,3,0,3,10,4
744,Alexander Prass,DFMF,at Austria,25,2001,0.3,0,0,0,0,0,0,3,0,0
745,Ángelo Preciado,DFMF,ec Ecuador,28,1998,1.2,0,0,0,0,1,0,7,3,1
746,Ruben Providence,MF,ht Haiti,24,2001,2.4,0,0,0,3,5,0,6,0,2
747,Lukáš Provod,FW,cz Czechia,29,1996,1.4,0,0,0,2,1,1,5,1,3
748,Marc Pubill,DF,es Spain,22,2003,0,0,0,0,0,0,0,0,0,0
749,Gustavo Puerta,MF,co Colombia,22,2003,5.2,1,0,0,9,8,0,2,3,3
750,Christian Pulisic,MF,us USA,27,1998,2.5,0,0,0,1,8,2,4,0,1
751,Ahmed Qasem,MFFW,iq Iraq,22,2003,1.4,0,0,0,0,1,0,1,0,0
752,Jarell Quansah,DF,eng England,23,2003,2.2,1,1,0,2,2,0,1,0,0
753,Julián Quiñones,FWMF,mx Mexico,29,1997,4.6,0,0,0,5,7,1,3,0,0
754,Alberto Quintero,FWMF,pa Panama,38,1987,0,0,0,0,1,0,0,1,0,0
755,Juan Quintero,FWMF,co Colombia,33,1993,1.3,0,0,0,0,1,0,12,0,0
756,Ramy Rabia,DF,eg Egypt,33,1993,4.1,0,0,0,3,2,0,0,3,5
757,Adrien Rabiot,MF,fr France,31,1995,6.5,1,0,0,13,4,1,2,11,7
758,Stjepan Radelji?,DF,ba Bosnia–Herz,28,1997,2,1,0,0,1,3,0,0,0,1
759,Soufiane Rahimi,FW,ma Morocco,30,1996,1.8,0,0,0,5,6,2,1,0,2
760,Abdul Rahman Baba,DFMF,gh Ghana,31,1994,0,0,0,0,0,0,0,0,0,0
761,Anthony Ralston,DF,sct Scotland,27,1998,0.1,0,0,0,2,0,0,1,0,0
762,Gonçalo Ramos,FW,pt Portugal,24,2001,0.4,0,0,0,0,0,0,0,0,0
763,Jiovany Ramos,DF,pa Panama,29,1997,1.8,0,0,0,2,1,0,0,3,1
764,Jesse Randall,MF,nz New Zealand,23,2002,0.7,0,0,0,0,1,0,5,0,0
765,Raúl Rangel,GK,mx Mexico,26,2000,4.9,0,0,0,1,0,0,0,0,0
766,Raphinha,MFFW,br Brazil,29,1996,1.4,0,0,0,1,2,2,9,0,0
767,Nizar Al Rashdan,MF,jo Jordan,27,1999,2.8,0,0,0,5,4,0,0,2,5
768,Marcus Rashford,MF,eng England,28,1997,2.5,0,0,0,5,1,1,17,0,2
769,Nicolas Raskin,MF,be Belgium,25,2001,3.8,0,0,0,12,3,0,7,2,5
770,David Raum,DF,de Germany,28,1998,1.2,0,0,0,2,0,0,13,1,1
771,Noor Al Rawabdeh,MF,jo Jordan,29,1997,3,0,0,0,1,0,0,0,2,7
772,Rayan,FWMF,br Brazil,19,2006,3.2,0,0,0,5,4,1,11,3,4
773,Iqraam Rayners,FW,za South Africa,30,1995,1.8,0,0,0,1,1,2,2,0,0
774,Tim Ream,DF,us USA,38,1987,4,0,0,0,0,2,0,0,6,1
775,Tijjani Reijnders,MF,nl Netherlands,27,1998,2.2,0,0,0,0,3,1,15,2,0
776,Omar Rekik,DF,tn Tunisia,24,2001,2,0,0,0,0,1,1,1,3,2
777,Israel Reyes,DF,mx Mexico,26,2000,2.2,0,0,0,1,0,0,2,3,1
778,Gio Reyna,MF,us USA,23,2002,1.5,0,0,0,1,3,0,1,0,0
779,Ramin Rezaeian,DFMF,ir IR Iran,36,1990,3,0,0,0,2,3,1,18,2,5
780,Chadi Riad,DF,ma Morocco,22,2003,3.8,0,0,0,0,1,0,0,4,1
781,Declan Rice,MF,eng England,27,1999,6.2,2,0,0,4,0,1,44,5,3
782,Chris Richards,DF,us USA,26,2000,4,1,0,0,8,3,0,0,4,3
783,Fabian Rieder,MFFW,ch Switzerland,24,2002,3.4,0,0,0,3,6,0,13,1,3
784,Richard Ríos,MF,co Colombia,26,2000,1.6,1,0,0,10,4,0,1,1,2
785,Ró-Ró,DF,qa Qatar,35,1990,3,0,0,0,1,7,0,2,3,4
786,Andy Robertson,DF,sct Scotland,32,1994,2.5,1,0,0,3,1,0,10,2,1
787,Antonee Robinson,DFMF,us USA,28,1997,3.9,1,0,0,4,1,0,18,6,4
788,Miles Robinson,DF,us USA,29,1997,1,0,0,0,2,0,0,0,1,1
789,Sergio Rochet,GK,uy Uruguay,33,1993,0.5,0,0,0,0,0,0,0,0,0
790,Rodri,MF,es Spain,29,1996,8,0,0,0,11,9,1,4,3,20
791,Garry Rodrigues,MF,cv Cabo Verde,35,1990,0.8,0,0,0,0,0,2,2,1,2
792,Brian Rodríguez,FWMF,uy Uruguay,26,2000,0.5,0,0,0,0,1,0,13,0,0
793,James Rodríguez,FWMF,co Colombia,34,1991,3.5,0,0,0,0,5,0,18,1,1
794,Kevin Rodríguez,FW,ec Ecuador,26,2000,1.3,0,0,0,3,2,0,0,0,1
795,Ricardo Rodríguez,DF,ch Switzerland,33,1992,5.7,0,0,0,11,2,0,19,4,7
796,Tomás Rodríguez,FW,pa Panama,27,1999,0.5,0,0,0,3,1,0,0,0,0
797,Godfried Roemeratoe,MF,cw Curaçao,26,1999,0.1,0,0,0,0,0,0,0,0,0
798,Morgan Rogers,MF,eng England,23,2002,3.8,0,0,0,5,5,2,5,0,3
799,Cristian Romero,DF,ar Argentina,28,1998,6.8,2,0,0,9,3,0,0,11,10
800,Luis Romo,MF,mx Mexico,31,1995,2.9,0,0,0,1,3,0,1,4,4
801,Cristiano Ronaldo,FW,pt Portugal,41,1985,4.9,0,0,0,2,5,6,0,1,1
802,Eloy Room,GK,cw Curaçao,37,1989,3,0,0,0,0,0,0,0,0,0
803,Marten de Roon,DFMF,nl Netherlands,35,1991,0.1,0,0,0,0,0,0,0,0,0
804,Saed Al-Rosan,DF,jo Jordan,29,1997,0.1,0,0,0,0,0,0,0,0,0
805,Antonio Rüdiger,DF,de Germany,33,1993,2.9,0,0,0,1,0,0,3,0,0
806,Fabián Ruiz Peña,MF,es Spain,30,1996,3.6,0,0,0,1,3,0,9,4,3
807,Mathew Ryan,GK,au Australia,34,1992,0,0,0,0,0,0,0,0,0,0
808,Julian Ryerson,DF,no Norway,28,1997,2.5,0,0,0,6,1,0,15,0,8
809,Elias Saad,MFFW,tn Tunisia,26,1999,1.3,0,0,0,1,3,1,2,0,1
810,Marwane Saâdane,DFMF,ma Morocco,34,1992,0,0,0,0,0,1,0,0,0,0
811,Mustafa Saadoon,DF,iq Iraq,25,2001,0.2,0,0,0,2,0,0,0,0,1
812,Mahmoud Saber,MF,eg Egypt,24,2001,0.5,1,0,0,2,1,0,1,0,0
813,Marcel Sabitzer,MF,at Austria,32,1994,4,1,0,0,2,3,1,31,6,2
814,Noah Sadiki,MF,cd Congo DR,21,2004,2.9,2,0,0,2,3,0,1,2,4
815,Michal Sadílek,MF,cz Czechia,27,1999,2,0,0,0,0,3,0,12,2,2
816,Alexis Saelemaekers,MF,be Belgium,26,1999,0.9,0,0,0,0,2,2,1,0,2
817,Ismael Saibari,FW,ma Morocco,25,2001,4.2,0,0,0,8,3,3,5,0,2
818,Bukayo Saka,MF,eng England,24,2001,4,0,0,0,4,9,4,21,1,7
819,Mohamed Salah,FWMF,eg Egypt,33,1992,4.7,0,0,0,5,13,1,14,2,0
820,Anass Salah-Eddine,DF,ma Morocco,24,2002,2.4,0,0,0,3,2,0,3,0,5
821,Nathan Saliba,MF,ca Canada,22,2004,2,1,0,0,5,2,0,2,4,4
822,William Saliba,DF,fr France,25,2001,5.3,0,0,0,4,0,0,0,6,0
823,Shurandy Sambo,DF,cw Curaçao,24,2001,0,0,0,0,0,0,0,0,1,0
824,Antonio Sanabria,FW,py Paraguay,30,1996,0.9,0,0,0,1,2,0,0,0,2
825,Davinson Sánchez,DF,co Colombia,30,1996,5.3,1,0,0,6,5,1,0,6,2
826,Jorge Sánchez,DF,mx Mexico,28,1997,3.9,1,0,0,5,1,1,6,5,4
827,Alex Sandro,DFMF,br Brazil,35,1991,0.1,0,0,0,1,0,0,0,0,0
828,Leroy Sané,MF,de Germany,30,1996,3.6,0,0,0,3,2,1,10,2,3
829,Ibrahim Sangaré,MF,ci Côte d'Ivoire,28,1997,3,0,0,0,2,4,0,0,6,5
830,Kaish? Sano,MF,jp Japan,25,2000,3,1,0,0,4,1,0,1,4,2
831,Danilo Santos,MF,br Brazil,25,2001,0.5,0,0,0,0,0,0,0,1,2
832,Douglas Santos,DF,br Brazil,32,1994,4.9,1,0,0,3,2,1,6,6,10
833,Bara Sapoko Ndiaye,MF,sn Senegal,18,2007,0.3,0,0,0,0,2,0,0,0,0
834,Ismaila Sarr,MFFW,sn Senegal,28,1998,4,0,0,0,1,9,2,2,2,1
835,Farrukh Sayfiev,DFMF,uz Uzbekistan,35,1991,0.5,0,0,0,0,2,0,2,0,0
836,Amine Sbai,FWMF,ma Morocco,25,2000,0.1,0,0,0,2,0,0,2,0,0
837,Joe Scally,DF,us USA,23,2002,1,0,0,0,0,2,1,4,1,1
838,Patrik Schick,FW,cz Czechia,30,1996,2,0,0,0,1,3,0,0,0,0
839,Andreas Schjelderup,FW,no Norway,22,2004,2.8,0,0,0,2,3,0,4,5,3
840,Alexander Schlager,GK,at Austria,30,1996,4,0,0,0,0,1,0,0,0,0
841,Xaver Schlager,MF,at Austria,28,1997,2.6,0,0,0,6,0,0,1,7,3
842,Nico Schlotterbeck,DF,de Germany,26,1999,1.5,0,0,0,2,1,0,0,3,2
843,Romano Schmid,MFFW,at Austria,26,2000,2.9,0,0,0,3,4,0,3,0,4
844,Kamogelo Sebelebele,DFMF,za South Africa,23,2002,0.1,0,0,0,1,0,0,1,0,0
845,Abdoulaye Seck,DF,sn Senegal,34,1992,0.6,1,0,0,1,1,0,0,0,0
846,Alidu Seidu,DF,gh Ghana,26,2000,0.9,1,0,0,1,0,0,1,1,1
847,Nicolas Seiwald,MF,at Austria,25,2001,3.5,0,0,0,1,1,0,3,4,5
848,Ayumu Seko,DF,jp Japan,26,2000,1,0,0,0,1,0,0,0,1,1
849,Egil Selvik,GK,no Norway,28,1997,1,0,0,0,0,0,0,0,0,0
850,Ken Sema,FWMF,se Sweden,32,1993,0.2,0,0,0,0,1,0,0,0,1
851,Nélson Semedo,DFMF,pt Portugal,32,1993,1.4,1,0,0,2,2,0,3,0,0
852,Willy Semedo,FW,cv Cabo Verde,32,1994,1.5,0,0,0,4,2,0,2,3,0
853,Antoine Semenyo,MFFW,gh Ghana,26,2000,4,0,0,0,6,4,4,5,0,2
854,Marvin Senaya,DF,gh Ghana,25,2001,3.1,0,0,0,6,4,0,8,6,12
855,Marcos Senesi,DF,ar Argentina,29,1997,1.2,0,0,0,0,3,0,0,2,0
856,Igor Sergeev,FW,uz Uzbekistan,33,1993,0.3,0,0,0,0,0,1,0,0,0
857,Jean Seri,MF,ci Côte d'Ivoire,34,1991,0.2,0,0,0,0,0,0,3,0,1
858,Kim Seung-gyu,GK,kr Korea Republic,35,1990,3,0,0,0,0,0,0,0,0,0
859,Paik Seung-ho,MF,kr Korea Republic,29,1997,2.3,1,0,0,1,2,0,1,1,0
860,Joaquin Seys,DF,be Belgium,21,2005,0.3,0,0,0,0,0,0,0,0,1
861,Jacob Shaffelburg,MF,ca Canada,26,1999,1,0,0,0,2,1,0,18,2,1
862,Mohammed Abu Al-Shamat,MF,sa Saudi Arabia,23,2002,1.5,0,0,0,2,1,0,3,1,3
863,Lawrence Shankland,FW,sct Scotland,30,1995,1.9,0,0,0,5,3,1,0,0,1
864,Sharara,FW,jo Jordan,28,1997,0,1,0,0,1,0,0,0,0,0
865,Aimar Sher,MF,iq Iraq,23,2002,0.3,0,0,0,0,0,0,1,0,0
866,Kento Shiogai,FW,jp Japan,21,2005,0.1,0,0,0,0,0,0,0,0,0
867,Mostafa Shobeir,GK,eg Egypt,26,2000,5.3,1,0,0,0,5,0,0,0,0
868,Eldor Shomurodov,FW,uz Uzbekistan,30,1995,3,0,0,0,8,4,1,1,0,4
869,Otabek Shukurov,MF,uz Uzbekistan,29,1996,2.6,0,0,0,2,5,0,1,0,2
870,Nkosinathi Sibisi,DF,za South Africa,30,1995,1,1,0,0,1,0,0,0,1,0
871,Kwasi Sibo,MF,gh Ghana,27,1998,2.8,0,0,0,7,1,0,0,2,0
872,Niko Sigur,MF,ca Canada,22,2003,1.4,1,0,0,5,1,0,5,0,1
873,Bernardo Silva,MF,pt Portugal,31,1994,1.1,2,0,0,3,0,0,0,1,0
874,Éderson Silva,MF,br Brazil,26,1999,0.2,0,0,0,1,0,0,2,1,0
875,Giuliano Simeone,FW,ar Argentina,23,2002,2.1,0,0,0,9,1,1,2,1,3
876,Dominique Simon,MF,ht Haiti,25,2000,0.6,0,0,0,1,1,0,1,1,1
877,Unai Simón,GK,es Spain,29,1997,8.3,0,0,0,0,3,0,0,0,0
878,Sarpreet Singh,MF,nz New Zealand,27,1999,2.3,1,0,0,2,2,0,7,0,1
879,Wilfried Singo,DF,ci Côte d'Ivoire,25,2000,1.9,0,0,0,3,1,0,1,4,0
880,Sphephelo Sithole,MF,za South Africa,27,1999,2.5,0,1,0,5,1,0,0,5,5
881,Ellyes Skhiri,MFDF,tn Tunisia,31,1995,2.8,0,0,0,0,1,0,0,2,1
882,Alexandr Sojka,MFDF,cz Czechia,23,2003,1.6,0,0,0,0,2,0,6,2,1
883,Ramón Sosa,FWMF,py Paraguay,26,1999,0.1,0,0,0,0,1,0,0,0,0
884,Tomáš Sou?ek,MF,cz Czechia,31,1995,1.5,0,0,0,3,1,2,1,1,0
885,Harry Souttar,DF,au Australia,27,1998,4.3,1,0,0,8,1,0,0,4,0
886,Djibril Sow,MF,ch Switzerland,29,1997,2.8,0,0,0,5,4,0,3,2,1
887,Ça?lar Söyüncü,DF,tr Türkiye,30,1996,0.1,0,0,0,0,0,0,0,0,0
888,Djed Spence,DF,eng England,25,2000,4.5,0,0,0,3,5,0,6,5,10
889,Marko Stamenic,MF,nz New Zealand,24,2002,3,1,0,0,4,0,0,1,4,1
890,Josip Staniši?,DFMF,hr Croatia,26,2000,4,0,0,0,0,4,0,7,5,2
891,Carl Starfelt,DF,se Sweden,31,1995,0,0,0,0,0,0,0,0,0,0
892,Ross Stewart,FW,sct Scotland,29,1996,0,0,0,0,0,0,0,0,0,0
893,Angelo Stiller,MF,de Germany,25,2001,0.5,0,0,0,0,0,0,0,1,1
894,John Stones,DF,eng England,32,1994,3.7,0,0,0,1,1,0,1,0,0
895,Jørgen Strand Larsen,FW,no Norway,26,2000,1.2,0,0,0,0,2,1,0,0,0
896,Elliot Stroud,MF,se Sweden,23,2002,1.8,0,0,0,3,1,0,4,3,0
897,Luis Suárez,FW,co Colombia,28,1997,3.7,1,0,0,7,8,1,2,0,4
898,Luka Su?i?,FWMF,hr Croatia,23,2002,0.2,0,0,0,0,0,0,0,0,0
899,Petar Su?i?,MFFW,hr Croatia,22,2003,3.2,1,0,0,7,6,1,4,1,2
900,Yukinari Sugawara,MF,jp Japan,25,2000,1.6,0,0,0,3,1,0,4,0,3
901,Rebin Sulaka,DF,iq Iraq,34,1992,0.5,0,1,0,1,0,0,0,1,0
902,Pavel Šulc,FW,cz Czechia,25,2000,2.1,0,0,0,2,1,1,1,0,2
903,Kamaldeen Sulemana,MFFW,gh Ghana,24,2002,1.4,0,0,0,2,1,1,4,1,2
904,Crysencio Summerville,FW,nl Netherlands,24,2001,2.8,1,0,0,2,5,1,7,2,2
905,Ivan Šunji?,MF,ba Bosnia–Herz,29,1996,2.2,0,0,0,7,0,0,1,0,3
906,Finn Surman,DF,nz New Zealand,22,2003,3,0,0,0,4,2,0,0,4,1
907,Josip Šutalo,DF,hr Croatia,26,2000,4,0,0,0,2,1,0,0,6,4
908,Junnosuke Suzuki,DF,jp Japan,22,2003,0.5,1,0,0,2,0,0,0,1,0
909,Yuito Suzuki,FWMF,jp Japan,24,2001,0.1,0,0,0,0,0,0,0,0,1
910,Zion Suzuki,GK,jp Japan,23,2002,4,0,0,0,0,1,0,0,0,0
911,Mattias Svanberg,MF,se Sweden,27,1999,0.2,0,0,0,0,1,0,0,1,1
912,Daniel Svensson,DF,se Sweden,24,2002,1.1,0,0,0,0,0,1,2,1,2
913,Alexander Sørloth,FW,no Norway,30,1995,3.7,0,0,0,6,2,2,5,0,1
914,Musa Al-Taamari,FW,jo Jordan,29,1997,2.4,0,0,0,2,3,1,0,0,0
915,Haris Tabakovi?,FW,ba Bosnia–Herz,31,1994,0.2,0,0,0,0,0,0,0,0,0
916,Lee Tae-seok,MF,kr Korea Republic,23,2002,1.3,0,0,0,3,1,0,8,0,3
917,Nicolás Tagliafico,DF,ar Argentina,33,1992,5.3,0,0,0,9,16,2,2,6,4
918,Jonathan Tah,DF,de Germany,30,1996,4.1,0,0,0,5,1,0,1,1,3
919,Benjamin Tahirovic,MF,ba Bosnia–Herz,23,2003,2.6,0,0,0,3,2,0,2,4,4
920,Zaid Tahseen,DF,iq Iraq,25,2001,1.7,1,0,0,3,2,0,0,0,1
921,Chemsdine Talbi,MF,ma Morocco,21,2005,2,0,0,0,0,1,0,9,2,2
922,Montassar Talbi,DF,tn Tunisia,28,1998,3,0,0,0,1,1,0,0,5,2
923,Hassan Al Tambakti,DF,sa Saudi Arabia,27,1999,2.4,0,0,0,0,1,0,0,3,3
924,Ao Tanaka,MF,jp Japan,27,1998,2.1,0,0,0,6,2,0,0,1,6
925,Shogo Taniguchi,DF,jp Japan,34,1991,2.6,1,0,0,2,1,0,0,1,0
926,Mehdi Taremi,FW,ir IR Iran,33,1992,2.9,0,0,0,3,5,2,1,2,2
927,Aurélien Tchouaméni,MF,fr France,26,2000,4,1,0,0,4,3,0,2,6,14
928,Arthur Theate,DF,be Belgium,26,2000,2.5,0,0,0,1,0,0,0,3,0
929,Igor Thiago,FW,br Brazil,24,2001,0.7,0,0,0,2,0,0,0,0,1
930,Malick Thiaw,DFMF,de Germany,24,2001,0.5,0,0,0,1,1,0,0,0,2
931,Ryan Thomas,MF,nz New Zealand,31,1994,0.9,0,0,0,3,3,0,1,0,2
932,Brandon Thomas-Asante,FWMF,gh Ghana,27,1998,0.6,0,0,0,0,1,1,1,0,0
933,Morten Thorsby,MF,no Norway,30,1996,0.5,0,0,0,1,0,0,0,1,1
934,Kristian Thorstvedt,MF,no Norway,27,1999,0.7,0,0,0,2,1,0,0,0,1
935,Marcus Thuram,FWMF,fr France,28,1997,0,0,0,0,0,0,0,0,0,0
936,Youri Tielemans,MF,be Belgium,29,1997,5.3,0,0,0,7,10,1,15,2,6
937,Kieran Tierney,MF,sct Scotland,29,1997,1.2,0,0,0,3,2,0,7,2,1
938,Guus Til,FWMF,nl Netherlands,28,1997,0.4,0,0,0,0,0,0,0,0,0
939,Malik Tillman,MF,us USA,24,2002,4,1,0,0,3,13,0,14,5,7
940,Quinten Timber,MF,nl Netherlands,24,2001,0.6,0,0,0,0,2,0,1,1,0
941,Takehiro Tomiyasu,DF,jp Japan,27,1998,2,0,0,0,5,2,0,2,2,1
942,Ivan Toney,FW,eng England,30,1996,0.9,0,0,0,0,3,2,0,0,0
943,Mehdi Torabi,MF,ir IR Iran,31,1994,0.3,0,0,0,0,0,0,2,1,0
944,Félix Torres Caicedo,DF,ec Ecuador,29,1997,0.1,0,0,0,0,0,0,0,0,0
945,Ferran Torres,FW,es Spain,26,2000,3.2,1,0,0,6,4,3,4,0,0
946,Sebastian Tounekti,FW,tn Tunisia,23,2002,0.9,0,0,0,1,0,0,3,0,0
947,Bazoumana Touré,MF,ci Côte d'Ivoire,20,2006,0.9,0,0,0,0,1,0,2,0,1
948,Mo Touré,FW,au Australia,22,2004,1.8,0,0,0,4,2,1,1,0,1
949,Kai Trewin,DFMF,au Australia,25,2001,0.8,0,0,0,0,1,0,2,2,0
950,Trézéguet,MF,eg Egypt,31,1994,1.8,0,0,0,3,2,0,2,1,0
951,Francisco Trincão,FWMF,pt Portugal,26,1999,0.3,0,0,0,0,0,0,0,0,1
952,Leandro Trossard,MFFW,be Belgium,31,1994,5.6,0,0,0,4,8,1,7,4,1
953,Auston Trusty,DF,us USA,27,1998,1.1,0,0,0,2,0,0,2,4,1
954,Axel Tuanzebe,DF,cd Congo DR,28,1997,4,0,0,0,3,3,0,0,1,2
955,Matt Turner,GK,us USA,31,1994,1,0,0,0,0,0,0,0,0,0
956,Ayase Ueda,FW,jp Japan,27,1998,3.6,0,0,0,6,4,1,0,0,1
957,Manuel Ugarte,MF,uy Uruguay,25,2001,2,0,0,0,1,0,0,0,3,1
958,Deniz Undav,FW,de Germany,29,1996,1.7,0,0,0,3,0,0,1,0,0
959,Dayot Upamecano,DF,fr France,27,1998,7.3,0,0,0,7,4,0,0,15,12
960,Jakhongir Urozov,DF,uz Uzbekistan,22,2004,1.1,0,0,0,0,0,0,0,1,0
961,Oston Urunov,MF,uz Uzbekistan,25,2000,0.7,0,0,0,0,0,0,0,1,0
962,Can Uzun,MF,tr Türkiye,20,2005,0.4,0,0,0,0,1,0,0,0,0
963,Enner Valencia,FW,ec Ecuador,36,1989,3.2,0,0,0,4,7,2,1,0,1
964,Yan Valery,DF,tn Tunisia,27,1999,2.8,0,0,0,4,0,1,7,4,1
965,Federico Valverde,MF,uy Uruguay,27,1998,2.6,0,0,0,1,0,0,11,3,2
966,Virgil van Dijk,DF,nl Netherlands,34,1991,4.3,0,0,0,2,2,0,0,3,1
967,Hans Vanaken,MF,be Belgium,33,1992,3.5,0,0,0,0,6,0,2,1,1
968,Guillermo Varela,DF,uy Uruguay,33,1993,3,1,0,0,1,1,0,9,7,1
969,Hélio Varela,FW,cv Cabo Verde,24,2002,1.2,0,0,0,1,2,1,1,0,0
970,Camilo Vargas,GK,co Colombia,37,1989,5.3,0,0,0,0,0,0,0,0,0
971,Obed Vargas,MF,mx Mexico,20,2005,0.7,0,0,0,1,0,0,0,1,2
972,Ruben Vargas,MF,ch Switzerland,27,1998,3.2,0,0,0,6,6,2,23,2,2
973,Nikola Vasilj,GK,ba Bosnia–Herz,30,1995,4,0,0,0,0,0,0,0,0,0
974,Johan Vásquez,DF,mx Mexico,27,1998,4,1,0,0,0,2,0,1,2,1
975,Alexis Vega,FWMF,mx Mexico,28,1997,0.1,0,0,0,0,0,0,1,0,0
976,Renato Veiga,DF,pt Portugal,22,2003,5,2,0,0,5,3,0,0,6,1
977,Gustavo Velásquez,DF,py Paraguay,35,1991,2.7,0,0,0,2,0,0,3,1,1
978,Nishan Velupillay,MF,au Australia,25,2001,0.8,0,0,0,1,0,0,0,0,1
979,Micky van de Ven,DFMF,nl Netherlands,25,2001,2.9,1,0,0,5,1,0,2,2,3
980,Bart Verbruggen,GK,nl Netherlands,23,2002,4.3,0,0,0,0,0,0,0,0,0
981,Matías Viña,DF,uy Uruguay,28,1997,0.5,0,0,0,0,1,1,2,0,0
982,Federico Viñas,FW,uy Uruguay,27,1998,2.1,0,0,0,3,3,3,0,1,2
983,Denis Višinský,FW,cz Czechia,23,2003,0.6,0,0,0,0,1,0,0,0,0
984,Pedro Vite,MF,ec Ecuador,24,2002,4,0,0,0,2,5,0,6,5,11
985,Vitinha,MF,pt Portugal,26,2000,4.2,0,0,0,4,5,0,1,2,0
986,Nikola Vlaši?,MF,hr Croatia,28,1997,2.1,0,0,0,5,0,2,3,1,2
987,Cristian Volpato,MF,au Australia,22,2003,1.8,0,0,0,1,2,0,11,0,1
988,Vozinha,GK,cv Cabo Verde,40,1986,4.3,0,0,0,0,3,0,0,0,0
989,Francis de Vries,DF,nz New Zealand,31,1994,0.2,0,0,0,0,0,0,3,1,0
990,Luka Vuškovi?,DF,hr Croatia,19,2007,0.7,0,0,0,1,1,0,0,1,0
991,Elye Wahi,FW,ci Côte d'Ivoire,23,2003,1.2,0,0,0,0,0,0,0,0,1
992,Aaron Wan-Bissaka,DF,cd Congo DR,28,1997,3.9,0,0,0,1,1,1,6,7,4
993,Paul Wanner,MF,at Austria,20,2005,2.6,0,0,0,4,2,0,1,2,1
994,Tsuyoshi Watanabe,DF,jp Japan,29,1997,1,0,0,0,0,1,0,1,0,2
995,Cecilio Waterman,FW,pa Panama,35,1991,0.8,0,0,0,1,1,0,0,0,0
996,Ollie Watkins,FWMF,eng England,30,1995,0.6,0,0,0,1,0,0,2,0,1
997,Timothy Weah,MF,us USA,26,2000,0.8,0,0,0,2,0,2,0,0,0
998,Wout Weghorst,FW,nl Netherlands,33,1992,0.6,0,0,0,1,2,0,0,0,1
999,Jacob Widell Zetterström,GK,se Sweden,27,1998,2,0,0,0,0,0,0,0,0,0
1000,Silvan Widmer,DF,ch Switzerland,33,1993,1.9,0,0,0,2,0,0,4,1,4
1001,Iñaki Williams,MFFW,gh Ghana,31,1994,1.4,1,0,0,2,1,1,4,1,0
1002,Nico Williams,MF,es Spain,23,2002,1.3,0,0,0,2,1,1,9,1,1
1003,Ronwen Williams,GK,za South Africa,34,1992,4,0,0,0,0,0,0,0,1,0
1004,Patrick Wimmer,FWMF,at Austria,25,2001,0.2,0,0,0,3,1,0,0,2,0
1005,Florian Wirtz,MF,de Germany,23,2003,4,0,0,0,1,3,1,13,2,6
1006,Yoane Wissa,FW,cd Congo DR,29,1996,4,0,0,0,5,9,1,0,0,1
1007,Axel Witsel,DFMF,be Belgium,37,1989,0.4,1,0,0,2,1,0,0,0,0
1008,Nick Woltemade,FWMF,de Germany,24,2002,0.4,0,0,0,0,0,0,0,0,1
1009,Chris Wood,FW,nz New Zealand,34,1991,3,0,0,0,2,1,4,0,0,1
1010,Haji Wright,FWMF,us USA,28,1998,0,0,0,0,0,0,1,0,0,0
1011,Granit Xhaka,MF,ch Switzerland,33,1992,6.7,2,0,0,4,12,0,4,4,4
1012,Kevin Yakob,MF,iq Iraq,25,2000,0.3,0,0,0,1,0,0,0,1,0
1013,Lamine Yamal,MFFW,es Spain,18,2007,6.8,0,0,0,14,9,7,34,2,9
1014,Yannick,MF,cv Cabo Verde,30,1995,0.4,0,0,0,1,1,0,2,2,1
1015,Gessime Yassine,MF,ma Morocco,20,2005,0.9,0,0,0,2,3,0,1,1,2
1016,John Yeboah,MF,ec Ecuador,25,2000,3.5,0,0,0,0,4,0,11,3,3
1017,Tete Yengi,FW,au Australia,25,2000,0.3,0,0,0,3,0,0,1,0,2
1018,Kenan Y?ld?z,MF,tr Türkiye,21,2005,2.4,0,0,0,2,4,0,6,1,2
1019,Caleb Yirenkyi,MF,gh Ghana,20,2006,2.9,2,0,0,7,3,0,1,3,1
1020,Seol Young-woo,MF,kr Korea Republic,27,1998,2.8,0,0,0,1,2,4,9,1,0
1021,Manaf Younis,DF,iq Iraq,29,1996,0.8,0,0,0,0,0,0,0,1,1
1022,Aria Yousefi,MF,ir IR Iran,24,2002,0.5,0,0,0,0,1,0,0,1,0
1023,Ali Yousif,FW,iq Iraq,30,1996,0.4,0,0,0,1,0,0,0,0,1
1024,?smail Yüksek,MF,tr Türkiye,27,1999,1.5,0,0,0,2,0,0,0,2,5
1025,Utkir Yusupov,GK,uz Uzbekistan,35,1991,1,0,0,0,0,1,0,0,0,0
1026,Warren Zaïre-Emery,MF,fr France,20,2006,1.2,0,0,0,1,0,0,1,1,0
1027,Denis Zakaria,DF,ch Switzerland,29,1996,4,2,0,0,4,0,1,13,9,5
1028,Jaroslav Zelený,MF,cz Czechia,33,1992,1.4,0,0,0,0,2,0,4,0,0
1029,Alejandro Zendejas,FWMF,us USA,28,1998,0.2,0,0,0,1,0,0,1,0,1
1030,Besfort Zeneli,MF,se Sweden,23,2002,0.7,0,0,0,1,0,0,1,1,0
1031,Ramiz Zerrouki,MF,dz Algeria,28,1998,1.2,1,0,0,4,0,0,0,2,1
1032,Luca Zidane,GK,dz Algeria,28,1998,3,0,0,0,0,0,0,0,0,0
1033,Mostafa Ziko,FWMF,eg Egypt,29,1997,4.1,0,0,0,6,5,2,2,2,4
1034,David Zima,DF,cz Czechia,25,2000,0.1,0,0,0,0,0,0,0,0,0
1035,Zizo,MF,eg Egypt,30,1996,0.6,0,0,0,2,1,0,6,0,1
1036,Martín Zubimendi,MF,es Spain,27,1999,0.2,0,0,0,0,0,0,0,1,0
1037,Themba Zwane,FWMF,za South Africa,36,1989,0.3,0,1,0,1,0,0,0,0,0
1038,Martin Ødegaard,MF,no Norway,27,1998,5.2,0,0,0,3,4,0,15,3,4
1039,Leo Østigård,DF,no Norway,26,1999,1.6,0,0,0,2,2,0,0,1,3
