Rk,Player,Pos,Squad,Age,Born,90s played,Yellow Card,Red Card,Second Yellow Card,Fouls Committed,Fouls Drawn,Offsides,Crosses,Interception,Takles won,Pos_primary,Squad_clean,Stage
1,Brenden Aaronson,MF,us USA,25,2000,0.8,0,0,0,2,1,0,1,0,1,MF,USA,Reached Knockouts
2,Thelo Aasgaard,MF,no Norway,24,2002,1.0,0,0,0,0,3,0,0,3,1,MF,Norway,Reached Knockouts
3,Hamza Abdelkarim,FW,eg Egypt,18,2008,0.7,0,0,0,2,0,0,0,0,0,FW,Egypt,Reached Knockouts
4,Hossam Abdelmaguid,DF,eg Egypt,25,2001,0.7,0,0,0,1,0,0,0,1,0,DF,Egypt,Reached Knockouts
5,Mohamed Abdelmonem,DF,eg Egypt,27,1999,0.2,0,0,0,1,0,0,0,0,0,DF,Egypt,Reached Knockouts
6,Ali Abdi,DF,tn Tunisia,32,1993,3.0,0,0,0,4,1,0,4,4,8,DF,Tunisia,Group Stage Exit
7,Saud Abdulhamid,DF,sa Saudi Arabia,26,1999,3.0,1,0,0,4,2,0,5,2,9,DF,Saudi Arabia,Group Stage Exit
8,Abdulla Abdullaev,DF,uz Uzbekistan,28,1997,2.0,0,0,0,5,1,0,0,3,2,DF,Uzbekistan,Group Stage Exit
9,Yusuf Abdurisag,FW,qa Qatar,26,1999,1.1,0,0,0,1,2,0,0,1,2,FW,Qatar,Group Stage Exit
10,Husam Abu Dahab,DF,jo Jordan,26,2000,2.0,1,0,0,2,1,0,0,0,3,DF,Jordan,Group Stage Exit
11,Mohammad Abu Hasheesh,DF,jo Jordan,31,1995,0.1,0,0,0,0,0,0,0,0,2,DF,Jordan,Group Stage Exit
12,Mohannad Abu Taha,DF,jo Jordan,23,2003,2.9,1,0,0,2,1,0,5,6,2,DF,Jordan,Group Stage Exit
13,Mo Abualnadi,DF,jo Jordan,25,2001,0.8,0,0,0,0,0,0,0,0,0,DF,Jordan,Group Stage Exit
16,Elias Achouri,FWMF,tn Tunisia,27,1999,0.5,0,0,0,0,1,1,0,0,2,FWMF,Tunisia,Group Stage Exit
17,Ché Adams,FW,sct Scotland,29,1996,1.6,0,0,0,4,2,0,0,0,1,FW,Scotland,Group Stage Exit
18,Jayden Adams,MF,za South Africa,25,2001,1.3,0,0,0,0,0,0,0,2,0,MF,South Africa,Reached Knockouts
19,Tyler Adams,MF,us USA,27,1999,3.8,1,0,0,5,6,0,0,8,5,MF,USA,Reached Knockouts
20,Ricardo Adé,DF,ht Haiti,36,1990,3.0,0,0,0,6,4,0,1,5,2,DF,Haiti,Group Stage Exit
22,Simon Adingra,FWMF,ci Côte d'Ivoire,24,2002,0.2,0,0,0,0,0,0,1,0,0,FWMF,Côte d'Ivoire,Reached Knockouts
23,Jonas Adjetey,DF,gh Ghana,22,2003,2.5,0,0,0,1,0,0,0,1,3,DF,Ghana,Reached Knockouts
24,Michel Aebischer,MFFW,ch Switzerland,29,1997,1.7,0,0,0,3,2,0,6,0,1,MFFW,Switzerland,Reached Knockouts
25,Akram Afif,FWMF,qa Qatar,29,1996,2.6,0,0,0,0,4,2,11,0,1,FWMF,Qatar,Group Stage Exit
26,Emmanuel Agbadou,DF,ci Côte d'Ivoire,28,1997,3.0,0,0,0,0,0,0,0,4,6,DF,Côte d'Ivoire,Reached Knockouts
28,Ali Ahmed,MF,ca Canada,25,2000,2.6,0,0,0,1,5,0,13,3,2,MF,Canada,Reached Knockouts
29,Homam Ahmed,DF,qa Qatar,26,1999,1.4,0,1,0,4,0,0,3,3,1,DF,Qatar,Group Stage Exit
30,Rayan Aït-Nouri,DF,dz Algeria,25,2001,3.2,0,0,0,6,4,0,8,5,13,DF,Algeria,Reached Knockouts
31,Kristoffer Ajer,DF,no Norway,28,1998,5.3,1,0,0,2,1,0,1,4,8,DF,Norway,Reached Knockouts
32,Manuel Akanji,DF,ch Switzerland,30,1995,6.7,0,0,0,4,4,0,0,6,9,DF,Switzerland,Reached Knockouts
33,Nathan Aké,DF,nl Netherlands,31,1995,1.9,0,0,0,2,2,0,1,4,0,DF,Netherlands,Reached Knockouts
34,Yunus Akgün,MF,tr Türkiye,25,2000,1.0,1,0,0,2,1,0,2,0,0,MF,Türkiye,Group Stage Exit
35,Maghnes Akliouche,MF,fr France,24,2002,0.1,0,0,0,0,0,0,1,0,0,MF,France,Reached Knockouts
36,Kerem Aktürko?lu,FW,tr Türkiye,27,1998,1.4,0,0,0,0,2,0,1,0,1,FW,Türkiye,Group Stage Exit
37,Ahmed Alaaeldin,FW,qa Qatar,33,1993,0.5,0,0,0,1,1,0,0,0,1,FW,Qatar,Group Stage Exit
38,David Alaba,DF,at Austria,33,1992,3.1,0,0,0,2,0,0,1,4,1,DF,Austria,Reached Knockouts
39,Kerim Alajbegovi?,MF,ba BosniaHerz,18,2007,3.1,0,0,0,4,6,1,15,2,0,MF,BosniaHerz,Reached Knockouts
40,Jordy Alcivar,MF,ec Ecuador,26,1999,0.5,1,0,0,1,0,0,1,0,1,MF,Ecuador,Reached Knockouts
41,Omar Alderete,DF,py Paraguay,29,1996,3.6,0,0,0,2,3,0,0,2,0,DF,Paraguay,Reached Knockouts
42,Almoez Ali,FW,qa Qatar,29,1996,0.2,0,0,0,0,0,0,0,0,0,FW,Qatar,Group Stage Exit
43,Hussein Ali,DF,iq Iraq,24,2002,1.8,0,0,0,1,0,1,1,2,2,DF,Iraq,Group Stage Exit
44,Mohanad Ali,FW,iq Iraq,25,2000,0.1,0,0,0,0,0,0,0,0,0,FW,Iraq,Group Stage Exit
45,Taha Ali,FWMF,se Sweden,27,1998,0.4,0,0,0,0,2,0,1,0,0,FWMF,Sweden,Reached Knockouts
46,Khojiakbar Alijonov,MF,uz Uzbekistan,29,1997,1.5,0,0,0,2,1,0,5,5,2,MF,Uzbekistan,Group Stage Exit
47,Ali Alipour,FW,ir IR Iran,30,1995,0.4,0,0,0,1,1,0,0,1,1,FW,IR Iran,Group Stage Exit
49,Thiago Almada,MF,ar Argentina,25,2001,2.7,1,0,0,2,2,2,1,0,4,MF,Argentina,Reached Knockouts
50,Miguel Almirón,MFFW,py Paraguay,32,1994,3.1,1,1,0,2,7,0,4,3,7,MFFW,Paraguay,Reached Knockouts
51,Júnior Alonso,DF,py Paraguay,33,1993,4.3,1,0,0,3,3,1,2,4,9,DF,Paraguay,Reached Knockouts
52,Bar?? Alper Y?lmaz,MFFW,tr Türkiye,26,2000,2.0,0,0,0,4,1,2,15,0,0,MFFW,Türkiye,Group Stage Exit
53,Roberto Alvarado,FWMF,mx Mexico,27,1998,4.8,0,0,0,3,5,1,36,2,3,FWMF,Mexico,Reached Knockouts
54,Edson Álvarez,MFDF,mx Mexico,28,1997,2.7,1,0,0,5,2,0,1,3,6,MFDF,Mexico,Reached Knockouts
55,Julián Álvarez,FW,ar Argentina,26,2000,6.7,0,0,0,11,4,2,2,3,4,FW,Argentina,Reached Knockouts
56,Ayoube Amaimouni,MF,ma Morocco,21,2004,0.2,0,0,0,1,0,0,1,0,1,MF,Morocco,Reached Knockouts
57,Zeki Amdouni,FWMF,ch Switzerland,25,2000,0.8,0,0,0,5,4,0,0,0,1,FWMF,Switzerland,Reached Knockouts
58,Michael Amir Murillo,DFMF,pa Panama,30,1996,3.0,0,0,0,1,7,1,8,1,3,DFMF,Panama,Group Stage Exit
59,Nadiem Amiri,MF,de Germany,29,1996,0.5,0,0,0,0,0,0,2,0,1,MF,Germany,Reached Knockouts
60,Amir Al Ammari,MF,iq Iraq,28,1997,2.7,2,0,0,3,0,0,8,2,1,MF,Iraq,Group Stage Exit
61,Azizbek Amonov,FW,uz Uzbekistan,28,1997,0.2,0,0,0,0,0,0,1,0,0,FW,Uzbekistan,Group Stage Exit
62,Mohamed Amoura,FWMF,dz Algeria,26,2000,0.3,0,0,0,1,0,0,0,0,0,FWMF,Algeria,Reached Knockouts
63,Sofyan Amrabat,MF,ma Morocco,29,1996,1.6,0,0,0,4,2,0,0,2,1,MF,Morocco,Reached Knockouts
64,Abdulelah Al-Amri,DF,sa Saudi Arabia,29,1997,2.7,1,0,0,1,0,0,1,4,2,DF,Saudi Arabia,Group Stage Exit
65,Youssef Amyn,MF,iq Iraq,22,2003,0.3,0,0,0,0,0,0,0,0,0,MF,Iraq,Group Stage Exit
66,Elliot Anderson,MF,eng England,23,2002,7.0,1,0,0,9,13,0,8,8,18,MF,England,Reached Knockouts
67,Andrés Andrade Cedeño,DF,pa Panama,27,1998,3.0,1,0,0,4,0,0,8,3,3,DF,Panama,Group Stage Exit
68,Fredrik André Bjørkan,DF,no Norway,27,1998,0.5,0,0,0,0,0,0,0,2,1,DF,Norway,Reached Knockouts
69,Nilson Angulo,MF,ec Ecuador,22,2003,2.4,0,0,0,4,3,0,5,2,1,MF,Ecuador,Reached Knockouts
70,Waldemar Anton,DFMF,de Germany,29,1996,0.6,0,0,0,3,1,1,1,2,1,DFMF,Germany,Reached Knockouts
71,Jeremy Antonisse,FWMF,cw Curaçao,24,2002,0.8,0,0,0,0,0,0,8,0,1,FWMF,Curaçao,Group Stage Exit
72,Houssem Aouar,MF,dz Algeria,27,1998,1.9,0,0,0,1,2,0,0,0,1,MF,Algeria,Reached Knockouts
73,Oswin Appollis,MFFW,za South Africa,24,2001,2.8,0,0,0,1,2,0,8,1,3,MFFW,South Africa,Reached Knockouts
74,Yazan Al-Arab,DF,jo Jordan,30,1996,3.0,1,0,0,4,0,0,0,11,1,DF,Jordan,Group Stage Exit
75,Maxi Araújo,FWMF,uy Uruguay,26,2000,2.8,0,0,0,2,7,6,18,0,0,FWMF,Uruguay,Group Stage Exit
76,Tomás Araújo,DF,pt Portugal,24,2002,1.0,1,0,0,1,0,0,0,1,0,DF,Portugal,Reached Knockouts
77,Telmo Arcanjo,MF,cv Cabo Verde,24,2001,0.6,0,0,0,0,1,0,1,0,0,MF,Cabo Verde,Reached Knockouts
78,Álex Arce,FW,py Paraguay,30,1995,0.6,1,0,0,1,0,0,0,0,1,FW,Paraguay,Reached Knockouts
79,Carlens Arcus,MFDF,ht Haiti,29,1996,1.6,1,0,0,5,3,2,2,3,3,MFDF,Haiti,Group Stage Exit
81,Jhon Arias,MF,co Colombia,28,1997,4.2,1,0,0,5,2,0,5,2,9,MF,Colombia,Reached Knockouts
82,Santiago Arias,DF,co Colombia,34,1992,1.0,0,0,0,1,0,0,2,1,2,DF,Colombia,Reached Knockouts
83,Marko Arnautovi?,FW,at Austria,37,1989,1.6,1,0,0,3,1,5,0,0,0,FW,Austria,Reached Knockouts
85,Emam Ashour,MF,eg Egypt,28,1998,4.0,0,0,0,2,13,0,4,4,2,MF,Egypt,Reached Knockouts
86,Rustam Ashurmatov,DF,uz Uzbekistan,29,1996,2.8,0,0,0,1,0,0,0,7,2,DF,Uzbekistan,Group Stage Exit
88,Marwan Attia,MF,eg Egypt,27,1998,4.8,2,0,0,8,1,0,11,3,3,MF,Egypt,Reached Knockouts
89,Fredrik Aursnes,MFDF,no Norway,30,1995,3.4,0,0,0,5,3,0,5,1,8,MFDF,Norway,Reached Knockouts
90,Gabriel Ávalos,FW,py Paraguay,35,1990,1.6,0,0,0,1,2,0,0,0,2,FW,Paraguay,Reached Knockouts
91,Yasin Ayari,MF,se Sweden,22,2003,3.8,1,0,0,4,8,0,19,3,4,MF,Sweden,Reached Knockouts
92,O?uz Ayd?n,DF,tr Türkiye,25,2000,1.0,0,0,0,0,2,0,3,0,6,DF,Türkiye,Group Stage Exit
93,Jordan Ayew,FW,gh Ghana,34,1991,3.3,0,0,0,7,7,1,10,1,3,FW,Ghana,Reached Knockouts
95,Neil El Aynaoui,MF,ma Morocco,24,2001,6.2,0,0,0,15,7,0,0,8,9,MF,Morocco,Reached Knockouts
96,Ali Azaizeh,MF,jo Jordan,22,2004,0.6,0,0,0,1,1,0,1,0,3,MF,Jordan,Group Stage Exit
97,Juninho Bacuna,MF,cw Curaçao,28,1997,2.8,2,0,0,6,3,0,5,5,4,MF,Curaçao,Group Stage Exit
98,Leandro Bacuna,MF,cw Curaçao,34,1991,3.0,1,0,0,3,3,0,4,0,3,MF,Curaçao,Group Stage Exit
99,Álex Baena,MFFW,es Spain,24,2001,5.3,1,0,0,13,7,2,41,2,5,MFFW,Spain,Reached Knockouts
100,Esmir Bajraktarevic,MF,ba BosniaHerz,21,2005,2.6,0,0,0,1,2,0,8,3,0,MF,BosniaHerz,Reached Knockouts
101,Cédric Bakambu,FW,cd Congo DR,35,1991,2.1,0,0,0,2,1,4,1,0,0,FW,Congo DR,Reached Knockouts
103,Folarin Balogun,FW,us USA,24,2001,3.5,1,1,0,3,8,3,0,1,0,FW,USA,Reached Knockouts
104,Simon Banza,FWMF,cd Congo DR,29,1996,0.4,0,0,0,1,0,0,0,0,1,FWMF,Congo DR,Reached Knockouts
105,Yoel Bárcenas,MF,pa Panama,32,1993,2.8,1,0,0,3,3,0,7,2,0,MF,Panama,Group Stage Exit
106,Valentín Barco,DFMF,ar Argentina,21,2004,0.2,0,0,0,0,1,0,0,0,0,DFMF,Argentina,Reached Knockouts
107,Bradley Barcola,MF,fr France,23,2002,4.3,1,0,0,5,1,1,3,1,4,MF,France,Reached Knockouts
108,Abdülkerim Bardakc?,DF,tr Türkiye,31,1994,2.9,0,0,0,1,3,0,7,2,5,DF,Türkiye,Group Stage Exit
109,Ivan Bai?,MF,ba BosniaHerz,24,2002,2.0,0,0,0,2,3,0,12,3,1,MF,BosniaHerz,Reached Knockouts
111,Martin Baturina,MFFW,hr Croatia,23,2003,3.6,0,0,0,1,14,0,8,1,2,MFFW,Croatia,Reached Knockouts
112,Ibrahim Bayesh,MFFW,iq Iraq,26,2000,2.6,0,0,0,3,5,0,4,1,4,MFFW,Iraq,Group Stage Exit
113,Samed Badar,FW,ba BosniaHerz,22,2004,0.3,0,0,0,1,1,0,0,0,0,FW,BosniaHerz,Reached Knockouts
114,Riechedly Bazoer,DF,cw Curaçao,29,1996,1.0,0,0,0,2,0,0,0,1,1,DF,Curaçao,Group Stage Exit
116,Aziz Behich,MF,au Australia,35,1990,2.4,0,0,0,1,4,0,6,1,4,MF,Australia,Reached Knockouts
117,Maximilian Beier,FWMF,de Germany,23,2002,0.3,0,0,0,1,1,0,0,0,0,FWMF,Germany,Reached Knockouts
119,Zineddine Belaïd,DF,dz Algeria,27,1999,0.3,0,0,0,0,0,1,0,0,0,DF,Algeria,Reached Knockouts
120,Rafik Belghali,DF,dz Algeria,24,2002,3.7,0,0,0,4,2,0,4,1,3,DF,Algeria,Reached Knockouts
121,Joe Bell,MF,nz New Zealand,27,1999,2.7,0,0,0,3,0,0,0,4,2,MF,New Zealand,Group Stage Exit
122,Jean-Ricner Bellegarde,MF,ht Haiti,27,1998,2.9,1,0,0,4,5,0,10,3,2,MF,Haiti,Group Stage Exit
123,Jude Bellingham,MF,eng England,22,2003,6.8,1,0,0,9,17,1,8,3,10,MF,England,Reached Knockouts
124,Mortadha Ben Ouanes,DFMF,tn Tunisia,31,1994,0.3,0,0,0,0,1,0,0,0,0,DFMF,Tunisia,Group Stage Exit
125,Anis Ben Slimane,MFFW,tn Tunisia,25,2001,2.7,0,0,0,0,0,2,6,2,2,MFFW,Tunisia,Group Stage Exit
127,Nadhir Benbouali,FW,dz Algeria,26,2000,0.5,0,0,0,0,0,0,0,0,1,FW,Algeria,Reached Knockouts
128,Gilson Benchimol,FW,cv Cabo Verde,24,2001,0.9,0,0,0,0,1,0,0,0,0,FW,Cabo Verde,Reached Knockouts
129,Ramy Bensebaini,DF,dz Algeria,31,1995,4.0,0,0,0,1,5,0,0,7,6,DF,Algeria,Reached Knockouts
130,Nabil Bentaleb,MF,dz Algeria,31,1994,3.2,0,0,0,2,3,0,3,3,4,MF,Algeria,Reached Knockouts
131,Rodrigo Bentancur,MF,uy Uruguay,28,1997,3.0,1,0,0,7,5,0,4,7,5,MF,Uruguay,Group Stage Exit
132,Patrick Berg,MF,no Norway,28,1997,4.9,1,0,0,4,2,0,11,2,7,MF,Norway,Reached Knockouts
133,Sander Berge,MF,no Norway,28,1998,5.3,0,0,0,6,2,0,1,9,4,MF,Norway,Reached Knockouts
134,Lucas Bergvall,MF,se Sweden,20,2006,2.0,1,0,0,7,4,0,3,2,2,MF,Sweden,Reached Knockouts
135,Sebastian Berhalter,MF,us USA,25,2001,2.1,1,0,0,5,6,0,11,3,0,MF,USA,Reached Knockouts
136,Alexander Bernhardsson,MF,se Sweden,27,1998,2.4,0,0,0,2,4,0,3,2,2,MF,Sweden,Reached Knockouts
137,Tyler Bindon,DF,nz New Zealand,21,2005,1.1,0,0,0,2,1,0,2,1,2,DF,New Zealand,Group Stage Exit
138,César Blackman,MFDF,pa Panama,28,1998,2.0,1,0,0,2,2,1,0,1,0,MFDF,Panama,Group Stage Exit
139,Damián Bobadilla,MF,py Paraguay,24,2001,2.1,0,0,0,1,1,0,1,5,3,MF,Paraguay,Reached Knockouts
140,Oscar Bobb,FW,no Norway,22,2003,2.5,0,0,0,1,4,0,2,3,3,FW,Norway,Reached Knockouts
141,Moïse Bombito,DF,ca Canada,26,2000,2.1,0,0,0,2,0,0,0,1,0,DF,Canada,Reached Knockouts
142,Theo Bongonda,FWMF,cd Congo DR,30,1995,0.4,0,0,0,0,1,0,2,1,0,FWMF,Congo DR,Reached Knockouts
143,Ange-Yoan Bonny,FW,ci Côte d'Ivoire,22,2003,2.6,0,0,0,1,3,1,1,1,2,FW,Côte d'Ivoire,Reached Knockouts
144,Jordy Bos,MFDF,au Australia,23,2002,3.4,1,0,0,4,4,0,8,3,3,MFDF,Australia,Reached Knockouts
145,Ayyoub Bouaddi,MF,ma Morocco,18,2007,4.2,0,0,0,3,6,0,0,1,3,MF,Morocco,Reached Knockouts
146,Hicham Boudaoui,MF,dz Algeria,26,1999,1.4,1,0,0,4,1,0,1,2,1,MF,Algeria,Reached Knockouts
147,Karim Boudiaf,MF,qa Qatar,35,1990,1.1,0,0,0,0,2,0,0,0,0,MF,Qatar,Group Stage Exit
148,Adil Boulbina,FW,dz Algeria,23,2003,0.2,0,0,0,0,0,1,0,0,0,FW,Algeria,Reached Knockouts
150,Nawaf Boushal,DF,sa Saudi Arabia,26,1999,1.0,0,0,0,1,1,0,0,1,0,DF,Saudi Arabia,Group Stage Exit
151,Michael Boxall,DF,nz New Zealand,37,1988,2.3,0,0,0,2,2,0,1,2,1,DF,New Zealand,Group Stage Exit
152,Sultan Al-Brake,DF,qa Qatar,30,1996,1.6,0,0,0,2,0,0,5,2,1,DF,Qatar,Group Stage Exit
153,Joshua Brenet,DF,cw Curaçao,32,1994,2.0,0,0,0,0,1,1,0,1,4,DF,Curaçao,Group Stage Exit
154,Brian Brobbey,FW,nl Netherlands,24,2002,2.5,0,0,0,4,3,2,1,0,1,FW,Netherlands,Reached Knockouts
155,Dylan Bronn,DF,tn Tunisia,30,1995,0.5,0,0,0,1,0,0,0,1,0,DF,Tunisia,Group Stage Exit
156,Nathaniel Brown,DF,de Germany,22,2003,3.1,0,0,0,4,1,0,17,2,6,DF,Germany,Reached Knockouts
157,Tajon Buchanan,MF,ca Canada,27,1999,4.2,0,0,0,5,8,2,16,1,5,MF,Canada,Reached Knockouts
158,Ante Budimir,FW,hr Croatia,34,1991,1.7,0,0,0,6,4,0,0,0,1,FW,Croatia,Reached Knockouts
159,Firas Al-Buraikan,FW,sa Saudi Arabia,26,2000,2.6,1,0,0,2,3,0,0,1,0,FW,Saudi Arabia,Group Stage Exit
160,Cameron Burgess,DF,au Australia,30,1995,1.5,0,0,0,0,0,0,0,1,1,DF,Australia,Reached Knockouts
161,Dan Burn,DF,eng England,34,1992,0.4,0,0,0,1,0,0,0,0,0,DF,England,Reached Knockouts
162,Denis Burni?,MF,ba BosniaHerz,28,1998,0.2,0,0,0,0,0,0,0,0,0,MF,BosniaHerz,Reached Knockouts
163,Gustavo Caballero,FWMF,py Paraguay,24,2001,1.1,0,0,0,2,2,1,0,0,2,FWMF,Paraguay,Reached Knockouts
164,Jovane Cabral,FW,cv Cabo Verde,28,1998,1.5,0,0,0,1,2,0,1,1,3,FW,Cabo Verde,Reached Knockouts
165,Liberato Cacace,DF,nz New Zealand,25,2000,2.4,0,0,0,1,5,0,8,3,2,DF,New Zealand,Group Stage Exit
166,Juan Cáceres,DF,py Paraguay,26,2000,4.8,1,0,0,9,6,0,10,5,11,DF,Paraguay,Reached Knockouts
167,Sebastián Cáceres,DF,uy Uruguay,26,1999,3.0,0,0,0,2,2,0,1,2,1,DF,Uruguay,Group Stage Exit
168,Jordy Caicedo,FW,ec Ecuador,28,1997,0.2,0,0,0,2,0,0,0,0,0,FW,Ecuador,Reached Knockouts
169,Moisés Caicedo,MF,ec Ecuador,24,2001,4.0,1,0,0,5,4,0,17,4,6,MF,Ecuador,Reached Knockouts
171,Hakan Çalhano?lu,MF,tr Türkiye,32,1994,2.0,0,0,0,2,1,0,10,1,3,MF,Türkiye,Group Stage Exit
172,Lamine Camara,MF,sn Senegal,22,2004,2.8,1,0,0,5,3,0,7,2,1,MF,Senegal,Reached Knockouts
173,Jaminton Campaz,FWMF,co Colombia,26,2000,0.8,0,0,0,2,3,2,2,0,1,FWMF,Colombia,Reached Knockouts
175,José Canale,DF,py Paraguay,29,1996,1.8,0,0,0,1,2,0,1,1,6,DF,Paraguay,Reached Knockouts
176,João Cancelo,DF,pt Portugal,32,1994,3.5,0,0,0,6,2,1,17,5,4,DF,Portugal,Reached Knockouts
177,Agustín Canobbio,FW,uy Uruguay,27,1998,2.5,0,1,0,7,5,1,8,2,3,FW,Uruguay,Group Stage Exit
178,Casemiro,MF,br Brazil,34,1992,4.2,2,0,0,6,6,0,5,6,5,MF,Brazil,Reached Knockouts
179,Josué Casimir,MF,ht Haiti,24,2001,2.0,1,0,0,4,4,0,3,0,0,MF,Haiti,Group Stage Exit
180,Timothy Castagne,DF,be Belgium,30,1995,5.3,1,0,0,7,2,0,20,8,7,DF,Belgium,Reached Knockouts
181,Kevin Castaño,MF,co Colombia,25,2000,0.2,0,0,0,0,0,0,0,0,0,MF,Colombia,Reached Knockouts
182,Jens Castrop,MF,kr Korea Republic,22,2003,0.5,0,0,0,3,0,0,3,0,0,MF,Korea Republic,Group Stage Exit
183,Zeki Çelik,DF,tr Türkiye,29,1997,1.8,0,0,0,1,0,0,1,1,3,DF,Türkiye,Group Stage Exit
184,Luká ?erv,MF,cz Czechia,25,2001,1.8,0,0,0,3,3,0,0,0,3,MF,Czechia,Group Stage Exit
185,Fares Chaïbi,MF,dz Algeria,23,2002,4.0,1,0,0,3,2,1,6,3,5,MF,Algeria,Reached Knockouts
187,t?pán Chaloupek,DF,cz Czechia,23,2003,1.0,0,0,0,1,0,0,0,2,0,DF,Czechia,Group Stage Exit
189,Firas Chaouat,FW,tn Tunisia,30,1996,0.5,0,0,0,1,2,3,0,0,0,FW,Tunisia,Group Stage Exit
190,Luis Chávez,MF,mx Mexico,30,1996,0.3,0,0,0,1,0,0,1,0,1,MF,Mexico,Reached Knockouts
191,Mateo Chávez,DF,mx Mexico,22,2004,0.9,0,0,0,1,1,0,1,0,1,DF,Mexico,Reached Knockouts
192,Samir Chergui,DF,dz Algeria,27,1999,0.2,0,0,0,0,0,0,0,0,0,DF,Algeria,Reached Knockouts
193,Rayan Cherki,MF,fr France,22,2003,1.4,0,0,0,2,2,0,1,1,1,MF,France,Reached Knockouts
194,Mathieu Choinière,MF,ca Canada,27,1999,0.6,0,0,0,1,1,0,4,2,1,MF,Canada,Reached Knockouts
195,Tahith Chong,MF,cw Curaçao,26,1999,2.7,0,0,0,3,13,0,1,1,0,MF,Curaçao,Group Stage Exit
196,Tomá Chorý,FW,cz Czechia,31,1995,0.3,0,0,0,2,1,0,0,0,0,FW,Czechia,Group Stage Exit
197,Ryan Christie,MF,sct Scotland,31,1995,1.1,1,0,0,2,1,0,1,2,3,MF,Scotland,Group Stage Exit
198,Carney Chukwuemeka,MF,at Austria,22,2003,0.9,0,0,0,2,2,0,0,0,0,MF,Austria,Reached Knockouts
199,Mojmír Chytil,FW,cz Czechia,27,1999,0.1,0,0,0,1,0,0,0,0,0,FW,Czechia,Group Stage Exit
200,Brian Cipenga,MFFW,cd Congo DR,28,1998,1.6,0,0,0,2,1,1,9,0,2,MFFW,Congo DR,Reached Knockouts
201,Alessandro Circati,DF,au Australia,22,2003,4.3,1,0,0,5,4,0,2,2,7,DF,Australia,Reached Knockouts
202,Pathé Ciss,DF,sn Senegal,32,1994,2.0,0,0,0,1,0,0,0,0,0,DF,Senegal,Reached Knockouts
203,Livano Comenencia,MF,cw Curaçao,22,2004,2.6,1,0,0,4,1,0,1,11,1,MF,Curaçao,Group Stage Exit
204,Eray Cömert,DF,ch Switzerland,28,1998,0.3,0,0,0,0,0,0,0,0,0,DF,Switzerland,Reached Knockouts
205,Francisco Conceição,MF,pt Portugal,23,2002,1.4,0,0,0,1,2,1,3,0,2,MF,Portugal,Reached Knockouts
206,Jhon Córdoba,FW,co Colombia,33,1993,1.1,0,0,0,1,2,2,0,0,0,FW,Colombia,Reached Knockouts
207,José Córdoba,DF,pa Panama,25,2001,3.0,0,0,0,5,1,0,1,1,3,DF,Panama,Group Stage Exit
208,Derek Cornelius,DF,ca Canada,28,1997,3.5,1,0,0,4,3,0,1,2,3,DF,Canada,Reached Knockouts
210,Nuno da Costa,FW,cv Cabo Verde,35,1991,1.8,0,0,0,0,3,0,1,1,2,FW,Cabo Verde,Reached Knockouts
211,Samu Costa,MF,pt Portugal,25,2000,0.2,0,0,0,0,0,0,0,0,1,MF,Portugal,Reached Knockouts
212,Vladimír Coufal,MFDF,cz Czechia,33,1992,3.0,0,0,0,4,3,1,20,2,1,MFDF,Czechia,Group Stage Exit
216,Pau Cubarsí,DF,es Spain,19,2007,8.3,1,0,0,4,5,0,1,4,4,DF,Spain,Reached Knockouts
217,Andrés Cubas,MF,py Paraguay,30,1996,5.3,1,0,0,14,3,0,0,11,13,MF,Paraguay,Reached Knockouts
218,Cucho,FWMF,co Colombia,27,1999,0.6,0,0,0,0,1,0,1,0,0,FWMF,Colombia,Reached Knockouts
219,Marc Cucurella,DF,es Spain,27,1998,8.3,1,0,0,8,5,4,13,7,4,DF,Spain,Reached Knockouts
220,Matheus Cunha,FW,br Brazil,27,1999,3.2,0,0,0,1,3,1,4,3,3,FW,Brazil,Reached Knockouts
221,Findlay Curtis,MF,sct Scotland,19,2006,0.1,1,0,0,1,0,0,1,0,0,MF,Scotland,Group Stage Exit
223,Diogo Dalot,DFMF,pt Portugal,27,1999,0.7,0,0,0,0,1,0,1,0,2,DFMF,Portugal,Reached Knockouts
224,Danilo,DF,br Brazil,34,1991,4.5,2,0,0,7,1,1,10,7,2,DF,Brazil,Reached Knockouts
225,Kevin Danso,DF,at Austria,27,1998,2.7,0,0,0,1,2,0,1,0,1,DF,Austria,Reached Knockouts
226,Vladimír Darida,MF,cz Czechia,35,1990,0.6,0,0,0,0,1,0,0,1,0,MF,Czechia,Group Stage Exit
227,Jonathan David,FW,ca Canada,26,2000,4.7,1,0,0,5,5,0,3,3,1,FW,Canada,Reached Knockouts
228,Promise David,FW,ca Canada,24,2001,0.9,0,0,0,4,2,0,0,1,1,FW,Canada,Reached Knockouts
229,Alphonso Davies,DFFW,ca Canada,25,2000,0.2,0,0,0,0,0,0,0,0,0,DFFW,Canada,Reached Knockouts
231,Nasser Al-Dawsari,MF,sa Saudi Arabia,27,1998,2.3,1,0,0,7,2,0,1,4,4,MF,Saudi Arabia,Group Stage Exit
232,Salem Al-Dawsari,MF,sa Saudi Arabia,34,1991,2.7,1,0,0,3,4,1,3,1,1,MF,Saudi Arabia,Group Stage Exit
234,Kevin De Bruyne,MF,be Belgium,34,1991,4.2,1,0,0,2,4,0,21,0,2,MF,Belgium,Reached Knockouts
235,Maxim De Cuyper,DF,be Belgium,25,2000,4.9,1,0,0,7,2,0,12,6,2,DF,Belgium,Reached Knockouts
236,Luc De Fougerolles,DF,ca Canada,20,2005,4.1,2,0,0,8,8,0,1,2,6,DF,Canada,Reached Knockouts
237,Charles De Ketelaere,FWMF,be Belgium,25,2001,3.9,0,0,0,2,3,2,3,5,4,FWMF,Belgium,Reached Knockouts
238,Nicolás De La Cruz,MF,uy Uruguay,29,1997,1.0,1,0,0,2,3,0,5,2,1,MF,Uruguay,Group Stage Exit
239,Rodrigo De Paul,MF,ar Argentina,32,1994,5.5,1,0,0,2,5,1,14,6,4,MF,Argentina,Reached Knockouts
240,Amar Dedi?,DF,ba BosniaHerz,23,2002,3.0,1,0,0,6,3,0,0,1,7,DF,BosniaHerz,Reached Knockouts
241,Louicius Deedson,MF,ht Haiti,25,2001,1.2,0,0,0,3,1,1,4,1,0,MF,Haiti,Group Stage Exit
242,Hannes Delcroix,DF,ht Haiti,27,1999,3.0,0,0,0,1,2,0,0,4,3,DF,Haiti,Group Stage Exit
243,Ousmane Dembélé,MF,fr France,29,1997,6.6,0,0,0,0,4,3,34,0,2,MF,France,Reached Knockouts
244,Merih Demiral,DF,tr Türkiye,28,1998,2.0,0,0,0,2,1,3,1,1,1,DF,Türkiye,Group Stage Exit
245,Ermedin Demirovi?,FW,ba BosniaHerz,28,1998,3.9,1,0,0,11,3,1,0,1,1,FW,BosniaHerz,Reached Knockouts
246,Sergiño Dest,MF,us USA,25,2000,3.3,0,0,0,2,4,0,3,5,1,MF,USA,Reached Knockouts
247,Frans Dhia Putros,DF,iq Iraq,32,1993,1.0,0,0,0,2,0,0,1,2,2,DF,Iraq,Group Stage Exit
248,Oumar Diakité,FW,ci Côte d'Ivoire,22,2003,0.3,0,0,0,0,0,0,1,0,1,FW,Côte d'Ivoire,Reached Knockouts
249,Amad Diallo,MFFW,ci Côte d'Ivoire,23,2002,2.1,0,0,0,0,2,1,4,2,4,MFFW,Côte d'Ivoire,Reached Knockouts
250,Assane Diao,MF,sn Senegal,20,2005,0.1,0,0,0,0,0,0,0,0,1,MF,Senegal,Reached Knockouts
251,Habib Diarra,MF,sn Senegal,22,2004,1.6,0,0,0,2,2,0,1,1,2,MF,Senegal,Reached Knockouts
252,Rúben Dias,DF,pt Portugal,29,1997,4.0,1,0,0,6,3,0,0,5,3,DF,Portugal,Reached Knockouts
253,Krépin Diatta,DF,sn Senegal,27,1999,4.3,0,0,0,4,6,0,12,3,10,DF,Senegal,Reached Knockouts
255,Brahim Díaz,MF,ma Morocco,26,1999,5.1,0,0,0,3,10,0,8,4,2,MF,Morocco,Reached Knockouts
256,Ismael Díaz,FWMF,pa Panama,29,1997,0.4,0,0,0,0,0,2,0,0,1,FWMF,Panama,Group Stage Exit
257,Luis Díaz,FWMF,co Colombia,29,1997,5.3,0,0,0,7,9,9,4,1,0,FWMF,Colombia,Reached Knockouts
258,Bamba Dieng,FW,sn Senegal,26,2000,0.1,0,0,0,0,0,0,0,0,0,FW,Senegal,Reached Knockouts
259,Lucas Digne,DF,fr France,32,1993,5.1,0,0,0,7,2,0,15,2,3,DF,France,Reached Knockouts
260,Diney,DF,cv Cabo Verde,31,1995,4.3,1,0,0,2,0,0,0,4,7,DF,Cabo Verde,Reached Knockouts
261,Ousmane Diomande,DF,ci Côte d'Ivoire,22,2003,1.0,0,0,0,0,0,0,0,1,0,DF,Côte d'Ivoire,Reached Knockouts
262,Yan Diomandé,MFFW,ci Côte d'Ivoire,19,2006,3.7,0,0,0,2,7,0,14,4,6,MFFW,Côte d'Ivoire,Reached Knockouts
263,Issa Diop,DF,ma Morocco,29,1997,5.3,3,0,0,4,1,0,0,7,1,DF,Morocco,Reached Knockouts
264,El Hadji Malick Diouf,DF,sn Senegal,21,2004,1.9,0,0,0,2,0,0,8,1,1,DF,Senegal,Reached Knockouts
265,Ritsu Doan,MF,jp Japan,27,1998,3.1,0,0,0,6,4,0,5,1,1,MF,Japan,Reached Knockouts
266,Jeremy Doku,MF,be Belgium,24,2002,3.4,0,0,0,4,18,0,6,3,1,MF,Belgium,Reached Knockouts
267,Merchas Doski,DF,iq Iraq,26,1999,3.0,1,0,0,3,8,0,4,6,9,DF,Iraq,Group Stage Exit
268,David Doud?ra,MF,cz Czechia,28,1998,1.0,0,0,0,0,1,0,5,1,0,MF,Czechia,Group Stage Exit
269,Désiré Doué,MF,fr France,21,2005,4.4,0,0,0,4,8,0,3,2,6,MF,France,Reached Knockouts
270,Guéla Doué,DF,ci Côte d'Ivoire,23,2002,3.1,1,0,0,6,5,0,12,3,5,DF,Côte d'Ivoire,Reached Knockouts
271,Deroy Duarte,MF,cv Cabo Verde,26,1999,2.9,0,0,0,4,1,0,1,6,5,MF,Cabo Verde,Reached Knockouts
272,Laros Duarte,MF,cv Cabo Verde,29,1997,1.8,0,0,0,0,2,0,2,2,1,MF,Cabo Verde,Reached Knockouts
273,Denzel Dumfries,DFMF,nl Netherlands,30,1996,4.3,0,0,0,6,3,1,16,1,6,DFMF,Netherlands,Reached Knockouts
274,Jean-Kevin Duverne,DF,ht Haiti,28,1997,1.9,0,0,0,2,1,1,1,4,2,DF,Haiti,Group Stage Exit
275,Lyndon Dykes,FWMF,sct Scotland,30,1995,0.4,0,0,0,2,0,0,1,0,0,FWMF,Scotland,Group Stage Exit
276,Edin Deko,FW,ba BosniaHerz,40,1986,2.0,1,0,0,1,2,0,0,1,0,FW,BosniaHerz,Reached Knockouts
277,Roshon van Eijma,DF,cw Curaçao,28,1998,0.2,0,0,0,0,0,0,0,0,0,DF,Curaçao,Group Stage Exit
278,Anthony Elanga,MFFW,se Sweden,24,2002,2.4,0,0,0,0,7,1,12,2,0,MFFW,Sweden,Reached Knockouts
279,Meschak Elia,FWMF,cd Congo DR,28,1997,0.5,0,0,0,2,0,0,2,1,0,FWMF,Congo DR,Reached Knockouts
280,Callan Elliot,DF,nz New Zealand,26,1999,0.1,0,0,0,0,0,0,0,0,1,DF,New Zealand,Group Stage Exit
281,Eren Elmal?,DF,tr Türkiye,25,2000,1.2,1,0,0,2,1,0,1,2,1,DF,Türkiye,Group Stage Exit
282,Nico Elvedi,DF,ch Switzerland,29,1996,6.7,1,0,0,5,6,0,0,6,2,DF,Switzerland,Reached Knockouts
283,Breel Embolo,FW,ch Switzerland,29,1997,5.6,2,1,1,9,11,4,1,2,0,FW,Switzerland,Reached Knockouts
284,Julio Enciso,FW,py Paraguay,22,2004,4.3,0,0,0,3,9,0,5,1,5,FW,Paraguay,Reached Knockouts
285,Endrick,FW,br Brazil,19,2006,1.3,0,0,0,1,1,1,0,1,1,FW,Brazil,Reached Knockouts
287,Fidel Escobar,DF,pa Panama,31,1995,1.0,0,0,0,1,0,0,1,1,2,DF,Panama,Group Stage Exit
288,Pervis Estupiñán,MF,ec Ecuador,28,1998,1.0,0,0,0,3,0,0,2,0,1,MF,Ecuador,Reached Knockouts
289,Derrick Etienne,FWMF,ht Haiti,29,1996,0.1,0,0,0,0,0,0,2,0,0,FWMF,Haiti,Group Stage Exit
290,Stephen Eustáquio,MF,ca Canada,29,1996,4.4,0,0,0,2,7,0,45,3,5,MF,Canada,Reached Knockouts
291,Martin Expérience,DFMF,ht Haiti,27,1999,3.0,0,0,0,7,6,0,6,4,6,DFMF,Haiti,Group Stage Exit
292,Saeid Ezatolahi,MF,ir IR Iran,29,1996,2.9,2,0,0,7,4,0,0,7,5,MF,IR Iran,Group Stage Exit
293,Eberechi Eze,MF,eng England,27,1998,2.3,0,0,0,2,4,1,2,0,0,MF,England,Reached Knockouts
294,Fabinho,DFMF,br Brazil,32,1993,0.8,1,0,0,4,0,0,0,2,1,DFMF,Brazil,Reached Knockouts
295,José Fajardo,FW,pa Panama,32,1993,1.7,1,0,0,4,3,1,0,0,2,FW,Panama,Group Stage Exit
296,Odeh Al-Fakhouri,MFFW,jo Jordan,20,2005,1.6,0,0,0,2,3,1,1,2,1,MFFW,Jordan,Group Stage Exit
297,Henrik Falchener,DF,no Norway,23,2003,0.7,0,0,0,0,0,0,0,1,0,DF,Norway,Reached Knockouts
298,Marko Farji,MF,iq Iraq,22,2004,0.6,0,0,0,0,2,0,2,1,1,MF,Iraq,Group Stage Exit
299,Christian Fassnacht,FWMF,ch Switzerland,32,1993,0.1,0,0,0,0,0,0,0,0,1,FWMF,Switzerland,Reached Knockouts
300,Abdul Fatawu Issahaku,FWMF,gh Ghana,22,2004,1.5,1,0,0,1,7,0,7,0,0,FWMF,Ghana,Reached Knockouts
301,Ahmed Fathy,MF,qa Qatar,33,1993,1.7,2,0,0,2,1,0,0,3,3,MF,Qatar,Group Stage Exit
302,Hamdy Fathy,DFMF,eg Egypt,31,1994,2.6,1,0,0,3,2,1,1,2,3,DFMF,Egypt,Reached Knockouts
303,Ahmed Fatouh,DF,eg Egypt,28,1998,3.0,1,0,0,2,3,0,8,4,5,DF,Egypt,Reached Knockouts
304,Abbosbek Fayzullayev,MF,uz Uzbekistan,22,2003,2.4,0,0,0,6,4,0,10,1,6,MF,Uzbekistan,Group Stage Exit
305,João Félix,MF,pt Portugal,26,1999,2.2,0,0,0,3,6,0,4,3,4,MF,Portugal,Reached Knockouts
306,Lewis Ferguson,MF,sct Scotland,26,1999,3.0,0,0,0,5,10,0,9,4,7,MF,Scotland,Group Stage Exit
307,Bruno Fernandes,MF,pt Portugal,31,1994,4.7,0,0,0,2,8,1,22,0,5,MF,Portugal,Reached Knockouts
308,Enzo Fernández,MF,ar Argentina,25,2001,7.3,2,1,1,12,6,1,5,6,7,MF,Argentina,Reached Knockouts
309,Matias Fernandez-Pardo,FWMF,be Belgium,21,2005,0.5,0,0,0,0,0,0,2,0,1,FWMF,Belgium,Reached Knockouts
310,Álvaro Fidalgo,MF,mx Mexico,29,1997,1.1,0,0,0,0,2,0,4,1,0,MF,Mexico,Reached Knockouts
311,Sherel Floranus,DF,cw Curaçao,27,1998,3.0,0,0,0,2,0,1,0,4,6,DF,Curaçao,Group Stage Exit
312,Seko Fofana,MF,ci Côte d'Ivoire,31,1995,1.0,1,0,0,1,0,0,0,2,0,MF,Côte d'Ivoire,Reached Knockouts
314,Deveron Fonville,DF,cw Curaçao,23,2003,2.7,0,0,0,2,3,0,0,5,3,DF,Curaçao,Group Stage Exit
315,Yassin Fortuné,FWMF,ht Haiti,27,1999,0.1,0,0,0,0,1,0,0,0,0,FWMF,Haiti,Group Stage Exit
316,Lyle Foster,FW,za South Africa,25,2000,0.6,0,0,0,0,1,0,0,0,0,FW,South Africa,Reached Knockouts
317,Alan Franco,DF,ec Ecuador,27,1998,2.8,2,0,0,7,0,0,5,4,6,DF,Ecuador,Reached Knockouts
318,Alex Freeman,DF,us USA,21,2004,4.2,0,0,0,1,1,0,4,7,6,DF,USA,Reached Knockouts
320,Remo Freuler,MF,ch Switzerland,34,1992,6.6,0,0,0,8,3,1,5,8,5,MF,Switzerland,Reached Knockouts
321,Marco Friedl,DF,at Austria,28,1998,0.3,0,0,0,0,0,0,0,0,0,DF,Austria,Reached Knockouts
322,Juriën Gaari,DF,cw Curaçao,32,1993,1.8,1,0,0,4,1,0,0,2,2,DF,Curaçao,Group Stage Exit
323,Jassem Gaber,MF,qa Qatar,24,2002,1.7,1,0,0,7,0,0,0,0,2,MF,Qatar,Group Stage Exit
324,Cody Gakpo,FW,nl Netherlands,27,1999,4.1,0,0,0,3,3,3,12,2,1,FW,Netherlands,Reached Knockouts
325,Matías Galarza,MF,py Paraguay,24,2002,4.3,2,0,0,10,9,0,4,7,11,MF,Paraguay,Reached Knockouts
327,Jesús Gallardo,DF,mx Mexico,31,1994,4.1,0,0,0,7,3,0,16,7,1,DF,Mexico,Reached Knockouts
328,Ahmed Al-Ganehi,FW,qa Qatar,25,2000,0.4,0,0,0,1,0,0,1,0,1,FW,Qatar,Group Stage Exit
329,Ben Gannon-Doak,MF,sct Scotland,20,2005,2.1,0,0,0,3,1,0,6,0,1,MF,Scotland,Group Stage Exit
330,Eric García,DFMF,es Spain,25,2001,0.2,0,0,0,1,0,0,0,1,0,DFMF,Spain,Reached Knockouts
331,Gavi,FW,es Spain,21,2004,0.8,0,0,0,2,1,0,2,1,2,FW,Spain,Reached Knockouts
332,Jason Geria,DF,au Australia,33,1993,0.7,0,0,0,2,0,0,1,2,1,DF,Australia,Reached Knockouts
334,Ismaël Gharbi,MF,tn Tunisia,22,2004,1.4,0,0,0,0,2,0,1,1,1,MF,Tunisia,Group Stage Exit
335,Mehdi Ghayedi,FW,ir IR Iran,27,1998,0.5,0,0,0,2,1,0,3,0,0,FW,IR Iran,Group Stage Exit
337,Saman Ghoddos,MF,ir IR Iran,32,1993,2.3,0,0,0,3,0,1,1,5,4,MF,IR Iran,Group Stage Exit
338,Mohammad Ghorbani,MF,ir IR Iran,25,2001,1.0,0,0,0,2,1,0,0,2,2,MF,IR Iran,Group Stage Exit
339,Lee Gi-hyuk,DF,kr Korea Republic,25,2000,3.0,1,0,0,2,1,0,2,5,4,DF,Korea Republic,Group Stage Exit
340,Armin Gigovic,MF,ba BosniaHerz,24,2002,0.9,0,0,0,0,2,0,0,2,1,MF,BosniaHerz,Reached Knockouts
342,Santiago Giménez,FW,mx Mexico,25,2001,1.0,0,0,0,1,3,0,0,0,0,FW,Mexico,Reached Knockouts
345,Diego Gómez,MF,py Paraguay,23,2003,3.4,2,0,0,5,1,0,1,9,6,MF,Paraguay,Reached Knockouts
346,Gustavo Gómez,DF,py Paraguay,33,1993,5.3,0,0,0,3,2,1,0,2,3,DF,Paraguay,Reached Knockouts
347,Armando González,FW,mx Mexico,23,2003,0.2,0,0,0,1,0,0,0,0,0,FW,Mexico,Reached Knockouts
348,Nicolás González,MF,ar Argentina,28,1998,2.9,0,0,0,4,3,2,6,1,3,MF,Argentina,Reached Knockouts
349,Anthony Gordon,MF,eng England,25,2001,4.4,0,0,0,4,10,0,8,3,3,MF,England,Reached Knockouts
350,Leon Goretzka,MF,de Germany,31,1995,1.1,0,0,0,0,0,0,1,1,1,MF,Germany,Reached Knockouts
351,Kenji Gorré,FWMF,cw Curaçao,31,1994,0.2,0,0,0,0,0,0,0,0,0,FWMF,Curaçao,Group Stage Exit
352,Keisuke Got?,FW,jp Japan,21,2005,0.1,0,0,0,0,1,0,0,0,1,FW,Japan,Reached Knockouts
353,Amine Gouiri,FW,dz Algeria,26,2000,2.8,0,0,0,1,1,0,1,0,1,FW,Algeria,Reached Knockouts
354,Ryan Gravenberch,MF,nl Netherlands,24,2002,3.8,0,0,0,5,3,0,4,6,1,MF,Netherlands,Reached Knockouts
355,Michael Gregoritsch,FW,at Austria,32,1994,2.1,0,0,0,1,1,2,0,0,0,FW,Austria,Reached Knockouts
356,Florian Grillitsch,DFMF,at Austria,30,1995,1.0,0,0,0,3,1,0,1,0,1,DFMF,Austria,Reached Knockouts
357,Pascal Groß,DFMF,de Germany,34,1991,0.2,0,0,0,1,0,0,1,0,2,DFMF,Germany,Reached Knockouts
358,Gabriel Gudmundsson,MFDF,se Sweden,27,1999,3.7,1,0,0,5,7,0,4,5,3,MFDF,Sweden,Reached Knockouts
359,Cho Gue-sung,FW,kr Korea Republic,28,1998,0.3,1,0,0,1,0,0,0,0,0,FW,Korea Republic,Group Stage Exit
360,Marc Guéhi,DF,eng England,25,2000,7.4,1,0,0,4,13,0,0,6,1,DF,England,Reached Knockouts
361,Evann Guessand,FWMF,ci Côte d'Ivoire,24,2001,0.2,0,0,0,1,0,0,0,0,0,FWMF,Côte d'Ivoire,Reached Knockouts
362,Idrissa Gueye,MF,sn Senegal,36,1989,4.0,0,0,0,2,2,0,1,2,4,MF,Senegal,Reached Knockouts
363,Pape Gueye,MF,sn Senegal,27,1999,2.6,1,0,0,4,2,0,3,4,1,MF,Senegal,Reached Knockouts
364,Bruno Guimarães,MF,br Brazil,28,1997,4.6,0,0,0,4,7,0,16,2,6,MF,Brazil,Reached Knockouts
365,Deniz Gül,FW,tr Türkiye,21,2004,0.4,0,0,0,2,0,0,0,0,0,FW,Türkiye,Group Stage Exit
366,Arda Güler,MF,tr Türkiye,21,2005,3.0,0,0,0,3,10,2,14,2,3,MF,Türkiye,Group Stage Exit
368,Malo Gusto,DF,fr France,23,2003,1.3,0,0,0,4,2,0,2,2,3,DF,France,Reached Knockouts
369,Brian Gutiérrez,MF,mx Mexico,22,2003,2.2,1,0,0,5,3,0,5,2,1,MF,Mexico,Reached Knockouts
370,Jorge Gutiérrez,DF,pa Panama,27,1998,1.0,0,0,0,1,2,0,0,1,1,DF,Panama,Group Stage Exit
371,Joko Gvardiol,DF,hr Croatia,24,2002,1.5,0,0,0,2,3,0,0,2,2,DF,Croatia,Reached Knockouts
372,Viktor Gyökeres,FW,se Sweden,28,1998,4.0,1,0,0,4,7,1,1,0,1,FW,Sweden,Reached Knockouts
373,Aziz G?aniyev,MF,uz Uzbekistan,28,1998,1.4,0,0,0,2,1,0,6,0,6,MF,Uzbekistan,Group Stage Exit
374,Erling Haaland,FW,no Norway,25,2000,5.2,0,0,0,5,3,0,1,1,0,FW,Norway,Reached Knockouts
375,Ihsan Haddad,DF,jo Jordan,32,1994,2.9,0,0,0,3,1,0,8,2,1,DF,Jordan,Group Stage Exit
376,Anis Hadj Moussa,MF,dz Algeria,24,2002,1.1,0,0,0,0,2,0,5,1,0,MF,Algeria,Reached Knockouts
377,Jaouen Hadjam,DF,dz Algeria,23,2003,1.2,0,0,0,0,0,0,1,1,1,DF,Algeria,Reached Knockouts
378,Amir Hadiahmetovi?,MF,ba BosniaHerz,29,1997,0.1,0,0,0,0,0,0,1,0,0,MF,BosniaHerz,Reached Knockouts
379,Dennis Hadikaduni?,DF,ba BosniaHerz,27,1998,0.3,0,0,0,1,0,0,0,0,2,DF,BosniaHerz,Reached Knockouts
380,Karim Hafez,DF,eg Egypt,30,1996,1.9,0,0,0,1,2,0,3,3,1,DF,Egypt,Reached Knockouts
381,Ehsan Hajsafi,DF,ir IR Iran,36,1990,1.0,1,0,0,2,1,0,2,1,0,DF,IR Iran,Group Stage Exit
382,Achraf Hakimi,DF,ma Morocco,27,1998,6.3,1,0,0,7,16,0,35,5,10,DF,Morocco,Reached Knockouts
383,Redouane Halhal,DF,ma Morocco,23,2003,2.0,1,0,0,3,5,1,0,1,1,DF,Morocco,Reached Knockouts
384,Ali Al Hamadi,FW,iq Iraq,24,2002,2.0,0,0,0,1,5,0,0,2,2,FW,Iraq,Group Stage Exit
385,Abdullah Al-Hamdan,FW,sa Saudi Arabia,26,1999,0.8,0,0,0,2,0,0,1,0,0,FW,Saudi Arabia,Group Stage Exit
386,Mohamed Amine Ben Hamida,DF,tn Tunisia,30,1995,2.2,0,0,0,3,1,0,1,1,9,DF,Tunisia,Group Stage Exit
387,Odiljon Hamrobekov,MF,uz Uzbekistan,30,1996,0.9,1,0,0,1,1,0,0,0,0,MF,Uzbekistan,Group Stage Exit
388,Lee Han-beom,DF,kr Korea Republic,23,2002,3.0,0,0,0,7,2,0,2,3,2,DF,Korea Republic,Group Stage Exit
389,Grant Hanley,DF,sct Scotland,34,1991,2.0,0,0,0,1,0,1,0,1,2,DF,Scotland,Group Stage Exit
390,Sontje Hansen,FW,cw Curaçao,24,2002,0.5,0,0,0,0,0,0,0,0,0,FW,Curaçao,Group Stage Exit
391,Mohamed Hany,DF,eg Egypt,30,1996,5.3,0,0,0,2,1,0,15,6,9,DF,Egypt,Reached Knockouts
392,Moteb Al-Harbi,DF,sa Saudi Arabia,26,2000,2.1,0,0,0,0,4,0,1,4,1,DF,Saudi Arabia,Group Stage Exit
393,Saleh Hardani,DF,ir IR Iran,27,1998,1.0,0,0,0,0,2,0,1,2,2,DF,IR Iran,Group Stage Exit
394,Carlos Harvey,MF,pa Panama,26,2000,3.0,1,0,0,8,3,0,0,0,3,MF,Panama,Group Stage Exit
395,Akam Hashim,DF,iq Iraq,27,1998,3.0,0,0,0,0,3,0,0,2,1,DF,Iraq,Group Stage Exit
396,Haissem Hassan,MF,eg Egypt,24,2002,1.4,2,0,0,2,2,0,9,0,1,MF,Egypt,Reached Knockouts
398,Abdulaziz Hatem,MF,qa Qatar,36,1990,0.5,0,0,0,1,0,0,0,0,0,MF,Qatar,Group Stage Exit
399,Jorrel Hato,DF,nl Netherlands,20,2006,0.4,0,0,0,0,0,0,1,0,0,DF,Netherlands,Reached Knockouts
400,Kai Havertz,FW,de Germany,27,1999,3.9,1,0,0,3,4,1,1,1,2,FW,Germany,Reached Knockouts
401,Hassan Al-Haydos,MF,qa Qatar,35,1990,0.6,0,0,0,1,1,0,0,0,0,MF,Qatar,Group Stage Exit
402,Jan Paul van Hecke,DF,nl Netherlands,26,2000,4.3,0,0,0,4,2,0,1,4,3,DF,Netherlands,Reached Knockouts
403,Hwang Hee-chan,FW,kr Korea Republic,30,1996,1.2,0,0,0,1,2,0,0,0,1,FW,Korea Republic,Group Stage Exit
404,Torbjørn Heggem,DF,no Norway,27,1999,4.9,0,0,0,2,0,0,0,2,7,DF,Norway,Reached Knockouts
405,Alaa Al Hejji,MF,sa Saudi Arabia,30,1995,0.4,0,0,0,0,0,0,0,1,0,MF,Saudi Arabia,Group Stage Exit
407,Jordan Henderson,MF,eng England,35,1990,0.1,1,0,0,0,1,0,2,0,1,MF,England,Reached Knockouts
408,Jack Hendry,DF,sct Scotland,31,1995,3.0,0,0,0,1,3,0,0,0,2,DF,Scotland,Group Stage Exit
409,Luiz Henrique,FWMF,br Brazil,25,2001,0.3,0,0,0,0,1,0,0,0,0,FWMF,Brazil,Reached Knockouts
410,Theo Hernández,DF,fr France,28,1997,2.9,0,0,0,2,4,0,6,3,1,DF,France,Reached Knockouts
411,Lucas Herrington,DF,au Australia,18,2007,2.3,0,0,0,2,0,0,0,2,1,DF,Australia,Reached Knockouts
412,Son Heung-min,FW,kr Korea Republic,33,1992,1.9,0,0,0,0,4,2,3,0,1,FW,Korea Republic,Group Stage Exit
413,Aaron Hickey,DF,sct Scotland,24,2002,0.8,1,0,0,2,4,0,1,1,0,DF,Scotland,Group Stage Exit
414,Isak Hien,DF,se Sweden,27,1999,2.4,1,0,0,3,3,0,0,1,3,DF,Sweden,Reached Knockouts
415,Piero Hincapié,DF,ec Ecuador,24,2002,3.8,1,1,0,5,4,0,14,4,5,DF,Ecuador,Reached Knockouts
416,Adam Hloek,FW,cz Czechia,23,2002,1.7,0,0,0,4,4,0,0,1,1,FW,Czechia,Group Stage Exit
417,Tomá Hole,DF,cz Czechia,33,1993,1.7,0,0,0,2,2,0,0,4,3,DF,Czechia,Group Stage Exit
418,Amirhossein Hosseinzadeh,FW,ir IR Iran,25,2000,0.2,0,0,0,0,0,0,0,0,2,FW,IR Iran,Group Stage Exit
419,Robin Hraná?,DF,cz Czechia,26,2000,3.0,0,0,0,6,0,0,1,1,0,DF,Czechia,Group Stage Exit
420,Ajdin Hrustic,MF,au Australia,29,1996,0.9,0,0,0,1,0,0,5,0,0,MF,Australia,Reached Knockouts
421,César Huerta,FWMF,mx Mexico,25,2000,0.1,0,0,0,0,0,0,0,0,0,FWMF,Mexico,Reached Knockouts
422,Al-Hashmi Al-Hussain,MF,qa Qatar,22,2003,0.4,0,0,0,2,2,0,0,1,2,MF,Qatar,Group Stage Exit
423,Ayman Hussein,FW,iq Iraq,30,1996,1.3,0,0,0,2,1,0,0,0,0,FW,Iraq,Group Stage Exit
424,Oh Hyeon-gyu,FW,kr Korea Republic,25,2001,1.4,0,0,0,0,1,0,1,0,0,FW,Korea Republic,Group Stage Exit
425,Yang Hyun-jun,FWMF,kr Korea Republic,24,2002,0.2,0,0,0,1,0,1,0,1,1,FWMF,Korea Republic,Group Stage Exit
426,Roger Ibanez,DF,br Brazil,27,1998,0.5,1,0,0,2,1,0,0,1,2,DF,Brazil,Reached Knockouts
427,Yasser Ibrahim,DF,eg Egypt,33,1993,5.2,2,0,0,6,3,0,0,3,6,DF,Egypt,Reached Knockouts
429,Hwang In-beom,MF,kr Korea Republic,29,1996,2.9,0,0,0,1,1,0,2,4,2,MF,Korea Republic,Group Stage Exit
430,Christ Inao Oulaï,MF,ci Côte d'Ivoire,20,2006,2.3,0,0,0,3,5,0,0,6,4,MF,Côte d'Ivoire,Reached Knockouts
431,Zidane Iqbal,MF,iq Iraq,23,2003,2.1,0,0,0,1,2,0,2,1,2,MF,Iraq,Group Stage Exit
432,Nestory Irankunda,FWMF,au Australia,20,2006,2.9,0,0,0,4,5,0,1,1,0,FWMF,Australia,Reached Knockouts
433,Jackson Irvine,MF,au Australia,33,1993,2.5,1,0,0,3,3,0,2,1,1,MF,Australia,Reached Knockouts
434,Alexander Isak,FW,se Sweden,26,1999,4.0,0,0,0,4,1,5,3,0,2,FW,Sweden,Reached Knockouts
435,Wilson Isidor,FW,ht Haiti,25,2000,2.1,0,0,0,3,2,1,0,1,1,FW,Haiti,Group Stage Exit
436,Jamshid Iskanderov,FWMF,uz Uzbekistan,32,1993,0.1,0,0,0,0,0,0,1,0,0,FWMF,Uzbekistan,Group Stage Exit
437,Zaid Ismail,MF,iq Iraq,24,2002,1.3,0,0,0,2,0,0,0,1,4,MF,Iraq,Group Stage Exit
438,Ko Itakura,DF,jp Japan,29,1997,1.4,0,0,0,1,0,0,0,1,0,DF,Japan,Reached Knockouts
439,Jacob Italiano,DF,au Australia,24,2001,1.8,1,0,0,0,0,0,8,1,2,DF,Australia,Reached Knockouts
440,Hiroki Ito,DF,jp Japan,27,1999,4.0,0,0,0,7,0,0,9,0,2,DF,Japan,Reached Knockouts
441,Junya It?,MF,jp Japan,33,1993,2.4,0,0,0,2,5,0,17,1,2,MF,Japan,Reached Knockouts
442,Cedric Itten,FWMF,ch Switzerland,29,1996,0.5,0,0,0,4,2,0,1,0,0,FWMF,Switzerland,Reached Knockouts
443,Nicolas Jackson,FW,sn Senegal,24,2001,2.6,0,0,0,2,0,5,1,1,2,FW,Senegal,Reached Knockouts
444,Lee Jae-sung,FW,kr Korea Republic,33,1992,1.3,0,0,0,1,4,1,0,2,3,FW,Korea Republic,Group Stage Exit
445,Alireza Jahanbakhsh,FWMF,ir IR Iran,32,1993,0.5,0,0,0,2,0,0,1,0,1,FWMF,IR Iran,Group Stage Exit
446,Ismail Jakobs,DF,sn Senegal,26,1999,2.4,0,0,0,2,0,0,18,2,2,DF,Senegal,Reached Knockouts
447,Reece James,DF,eng England,26,1999,3.5,0,0,0,3,1,0,9,3,3,DF,England,Reached Knockouts
448,Amer Jamous,MF,jo Jordan,23,2002,0.2,0,0,0,1,0,0,0,0,0,MF,Jordan,Group Stage Exit
449,Luca Jaquez,DF,ch Switzerland,23,2003,0.9,0,0,0,3,1,0,2,1,0,DF,Switzerland,Reached Knockouts
450,Ardon Jashari,MF,ch Switzerland,23,2002,0.8,0,0,0,2,1,0,1,0,0,MF,Switzerland,Reached Knockouts
451,Ali Jasim,MF,iq Iraq,22,2004,1.4,0,0,0,1,0,0,4,0,1,MF,Iraq,Group Stage Exit
452,Danley Jean-Jacques,MF,ht Haiti,26,2000,2.9,1,0,0,5,3,0,1,3,6,MF,Haiti,Group Stage Exit
453,Eom Ji-sung,MF,kr Korea Republic,24,2002,0.5,0,0,0,0,1,0,3,0,2,MF,Korea Republic,Group Stage Exit
454,Raúl Jiménez,FW,mx Mexico,35,1991,3.5,0,0,0,7,2,2,0,0,1,FW,Mexico,Reached Knockouts
455,Kim Jin-gyu,MF,kr Korea Republic,29,1997,0.6,0,0,0,0,1,0,1,0,1,MF,Korea Republic,Group Stage Exit
456,Park Jinseob,DFMF,kr Korea Republic,30,1995,0.4,0,0,0,0,1,0,0,0,0,DFMF,Korea Republic,Group Stage Exit
458,Alistair Johnston,DF,ca Canada,27,1998,5.0,1,0,0,5,4,0,19,6,2,DF,Canada,Reached Knockouts
459,Frenkie de Jong,MF,nl Netherlands,29,1997,3.6,0,0,0,6,6,0,1,8,7,MF,Netherlands,Reached Knockouts
460,Lenny Joseph,FW,ht Haiti,25,2000,1.3,0,0,0,6,1,0,0,0,0,FW,Haiti,Group Stage Exit
461,Edmilson Junior,MFFW,qa Qatar,31,1994,2.3,0,0,0,4,2,1,4,0,1,MFFW,Qatar,Group Stage Exit
462,Vinicius Júnior,FW,br Brazil,25,2000,4.9,0,0,0,4,10,3,12,1,1,FW,Brazil,Reached Knockouts
463,Elijah Just,MF,nz New Zealand,26,2000,2.9,1,0,0,3,2,0,2,2,3,MF,New Zealand,Group Stage Exit
464,Musab Al Juwayr,MFFW,sa Saudi Arabia,22,2003,1.7,0,0,0,1,1,2,7,1,3,MFFW,Saudi Arabia,Group Stage Exit
465,Ayoub El Kaabi,FW,ma Morocco,32,1993,0.8,0,0,0,1,1,3,0,0,2,FW,Morocco,Reached Knockouts
466,Ozan Kabak,DF,tr Türkiye,26,2000,1.0,0,0,0,3,0,0,1,0,2,DF,Türkiye,Group Stage Exit
467,Ferdi Kadioglu,DF,tr Türkiye,26,1999,1.8,0,0,0,0,3,0,4,1,2,DF,Türkiye,Group Stage Exit
468,Kaku,MF,py Paraguay,31,1995,0.1,0,0,0,1,1,0,0,0,0,MF,Paraguay,Reached Knockouts
469,Saa Kalajdi?,FW,at Austria,28,1997,0.9,0,0,0,2,2,0,1,0,0,FW,Austria,Reached Knockouts
470,Gédéon Kalulu,DF,cd Congo DR,28,1997,0.1,0,0,0,0,0,0,0,0,0,DF,Congo DR,Reached Knockouts
471,Daichi Kamada,MF,jp Japan,29,1996,3.7,1,0,0,2,4,1,4,1,3,MF,Japan,Reached Knockouts
472,Hossein Kanaanizadegan,DF,ir IR Iran,32,1994,1.5,1,0,0,1,0,0,0,2,0,DF,IR Iran,Group Stage Exit
473,Harry Kane,FW,eng England,32,1993,7.2,0,0,0,8,9,2,1,1,3,FW,England,Reached Knockouts
474,Lee Kang-in,FW,kr Korea Republic,25,2001,3.0,1,0,0,1,7,0,19,0,0,FW,Korea Republic,Group Stage Exit
475,Mohamed Kanno,MF,sa Saudi Arabia,31,1994,2.5,1,0,0,5,0,0,0,2,4,MF,Saudi Arabia,Group Stage Exit
476,Steve Kapuadi,DF,cd Congo DR,28,1998,2.0,0,0,0,2,0,0,0,1,1,DF,Congo DR,Reached Knockouts
477,Bekhruz Karimov,DF,uz Uzbekistan,18,2007,2.0,0,0,0,8,4,0,2,3,5,DF,Uzbekistan,Group Stage Exit
478,Jesper Karlström,MF,se Sweden,30,1995,1.5,0,0,0,3,0,0,0,1,3,MF,Sweden,Reached Knockouts
479,Gervane Kastaneer,FWMF,cw Curaçao,30,1996,0.3,2,0,0,2,0,0,0,0,0,FWMF,Curaçao,Group Stage Exit
480,Nikola Kati?,DF,ba BosniaHerz,29,1996,3.5,1,0,0,4,0,0,0,5,6,DF,BosniaHerz,Reached Knockouts
481,Edo Kayembe,MF,cd Congo DR,28,1998,1.8,0,0,0,5,3,0,2,0,1,MF,Congo DR,Reached Knockouts
482,Joris Kayembe,DFFW,cd Congo DR,31,1994,0.5,0,0,0,0,1,0,3,4,4,DFFW,Congo DR,Reached Knockouts
483,Franck Kessié,MF,ci Côte d'Ivoire,29,1996,3.8,1,0,0,7,2,1,2,0,4,MF,Côte d'Ivoire,Reached Knockouts
484,Abdullah Al-Khaibari,MF,sa Saudi Arabia,29,1996,2.0,0,0,0,0,2,0,0,1,1,MF,Saudi Arabia,Group Stage Exit
485,Shoja' Khalilzadeh,DF,ir IR Iran,37,1989,3.0,1,0,0,4,0,1,0,3,3,DF,IR Iran,Group Stage Exit
486,Dostonbek Khamdamov,MF,uz Uzbekistan,29,1996,1.1,0,0,0,1,0,1,5,2,4,MF,Uzbekistan,Group Stage Exit
487,Bilal El Khannouss,MFFW,ma Morocco,22,2004,5.1,1,0,0,5,6,0,10,1,7,MFFW,Morocco,Reached Knockouts
488,Rani Khedira,MF,tn Tunisia,32,1994,1.7,1,0,0,3,0,0,0,2,1,MF,Tunisia,Group Stage Exit
489,Boualem Khoukhi,DF,qa Qatar,35,1990,3.0,0,0,0,2,1,0,2,3,3,DF,Qatar,Group Stage Exit
490,Abdukodir Khusanov,DF,uz Uzbekistan,22,2004,3.0,2,0,0,6,0,0,0,5,3,DF,Uzbekistan,Group Stage Exit
491,Joshua Kimmich,DF,de Germany,31,1995,3.9,0,0,0,0,7,0,31,4,4,DF,Germany,Reached Knockouts
492,Justin Kluivert,FWMF,nl Netherlands,27,1999,0.3,0,0,0,0,2,0,1,0,0,FWMF,Netherlands,Reached Knockouts
494,Orkun Kökçü,MF,tr Türkiye,25,2000,1.7,0,0,0,2,4,0,6,0,1,MF,Türkiye,Group Stage Exit
495,Sead Kolainac,DF,ba BosniaHerz,32,1993,3.7,0,0,0,6,4,0,9,2,6,DF,BosniaHerz,Reached Knockouts
496,Ghislain Konan,DF,ci Côte d'Ivoire,30,1995,3.0,0,0,0,0,1,0,8,0,3,DF,Côte d'Ivoire,Reached Knockouts
497,Ibrahima Konaté,DF,fr France,27,1999,0.7,0,0,0,2,1,0,0,3,0,DF,France,Reached Knockouts
498,Ismaël Koné,MF,ca Canada,23,2002,1.6,0,0,0,1,3,0,3,3,2,MF,Canada,Reached Knockouts
499,Manu Koné,MF,fr France,25,2001,4.3,1,0,0,6,7,0,1,3,5,MF,France,Reached Knockouts
500,Ezri Konsa,DF,eng England,28,1997,7.2,0,0,0,8,11,0,3,8,5,DF,England,Reached Knockouts
501,Teun Koopmeiners,DFMF,nl Netherlands,28,1998,1.4,0,0,0,3,0,0,5,1,1,DFMF,Netherlands,Reached Knockouts
502,Odilon Kossounou,DF,ci Côte d'Ivoire,25,2001,3.0,0,0,0,0,1,0,0,3,3,DF,Côte d'Ivoire,Reached Knockouts
503,Kalidou Koulibaly,DF,sn Senegal,34,1991,1.8,0,0,0,0,0,0,0,2,1,DF,Senegal,Reached Knockouts
504,Jules Koundé,DF,fr France,27,1998,6.7,0,0,0,6,5,1,12,3,8,DF,France,Reached Knockouts
505,Mateo Kova?i?,MF,hr Croatia,32,1994,3.0,0,0,0,3,3,0,0,2,3,MF,Croatia,Reached Knockouts
507,Andrej Kramari?,FWMF,hr Croatia,34,1991,0.7,0,0,0,0,0,1,2,0,1,FWMF,Croatia,Reached Knockouts
508,Ladislav Krej?í,DF,cz Czechia,27,1999,3.0,1,0,0,6,2,0,2,1,3,DF,Czechia,Group Stage Exit
509,Takefusa Kubo,MF,jp Japan,25,2001,0.8,0,0,0,1,1,0,0,1,0,MF,Japan,Reached Knockouts
511,Prince Kwabena Adu,FW,gh Ghana,22,2003,0.4,0,0,0,4,0,0,0,0,0,FW,Ghana,Reached Knockouts
512,Maxence Lacroix,DF,fr France,26,2000,2.7,0,0,0,5,0,1,0,3,2,DF,France,Reached Knockouts
513,Gustaf Lagerbielke,DF,se Sweden,26,2000,4.0,0,0,0,1,3,1,1,5,5,DF,Sweden,Reached Knockouts
514,Konrad Laimer,MFDF,at Austria,29,1997,4.0,1,0,0,6,3,3,4,2,6,MFDF,Austria,Reached Knockouts
515,Ali Lajami,DF,sa Saudi Arabia,30,1996,1.7,0,0,0,0,2,0,0,3,2,DF,Saudi Arabia,Group Stage Exit
517,Noa Lang,FWMF,nl Netherlands,26,1999,0.1,0,0,0,0,1,0,0,0,0,FWMF,Netherlands,Reached Knockouts
518,Sondre Langås,DF,no Norway,25,2001,0.3,0,0,0,0,0,0,0,0,0,DF,Norway,Reached Knockouts
519,Aymeric Laporte,DF,es Spain,32,1994,8.1,1,0,0,5,4,0,1,14,3,DF,Spain,Reached Knockouts
520,Cyle Larin,FW,ca Canada,31,1995,2.1,2,0,0,5,1,3,0,0,0,FW,Canada,Reached Knockouts
521,Richie Laryea,DF,ca Canada,31,1995,4.8,1,0,0,8,14,1,2,2,9,DF,Canada,Reached Knockouts
522,Mohanad Lasheen,MF,eg Egypt,30,1996,4.0,2,0,0,5,3,0,1,8,11,MF,Egypt,Reached Knockouts
523,Issa Laye,MFDF,qa Qatar,28,1997,3.0,0,0,0,0,3,0,0,1,1,MFDF,Qatar,Group Stage Exit
524,Rafael Leão,MF,pt Portugal,27,1999,1.8,0,0,0,1,2,0,7,2,0,MF,Portugal,Reached Knockouts
525,Mathew Leckie,MF,au Australia,35,1991,0.7,0,0,0,1,1,0,1,0,0,MF,Australia,Reached Knockouts
526,Jefferson Lerma,MF,co Colombia,31,1994,4.6,1,0,0,6,5,0,1,5,1,MF,Colombia,Reached Knockouts
527,Jamie Leweling,FWMF,de Germany,25,2001,0.3,0,0,0,0,0,0,2,0,0,FWMF,Germany,Reached Knockouts
528,Philipp Lienhart,DF,at Austria,29,1996,2.0,0,0,0,0,0,0,0,1,1,DF,Austria,Reached Knockouts
529,Victor Lindelöf,DFMF,se Sweden,31,1994,4.0,0,0,0,3,0,0,0,4,1,DFMF,Sweden,Reached Knockouts
530,Erik Lira,MF,mx Mexico,26,2000,3.8,0,0,0,3,4,0,2,2,3,MF,Mexico,Reached Knockouts
532,Dailon Livramento,FW,cv Cabo Verde,25,2001,1.9,0,0,0,1,1,2,2,0,0,FW,Cabo Verde,Reached Knockouts
533,Marcos Llorente,DF,es Spain,31,1995,2.1,0,0,0,2,1,0,4,1,6,DF,Spain,Reached Knockouts
534,Giovani Lo Celso,MF,ar Argentina,30,1996,0.7,0,0,0,1,1,1,1,1,0,MF,Argentina,Reached Knockouts
535,Jürgen Locadia,FW,cw Curaçao,32,1993,2.6,0,0,0,3,4,2,0,1,0,FW,Curaçao,Group Stage Exit
536,Azarías Londoño,MF,pa Panama,24,2001,0.6,0,0,0,1,0,0,1,1,0,MF,Panama,Group Stage Exit
537,Sidny Lopes Cabral,DF,cv Cabo Verde,23,2002,3.2,2,0,0,2,9,0,12,4,2,DF,Cabo Verde,Reached Knockouts
538,Flaco López,FW,ar Argentina,25,2000,0.2,1,0,0,1,0,0,0,0,1,FW,Argentina,Reached Knockouts
539,Derrick Luckassen,DF,gh Ghana,30,1995,2.0,0,0,0,1,2,0,0,0,1,DF,Ghana,Reached Knockouts
540,Jhon Lucumí,DF,co Colombia,27,1998,5.3,1,0,0,5,0,0,0,5,2,DF,Colombia,Reached Knockouts
541,José Luis Rodríguez,MFFW,pa Panama,27,1998,2.6,0,0,0,4,2,0,17,0,3,MFFW,Panama,Group Stage Exit
542,Romelu Lukaku,FW,be Belgium,33,1993,2.6,1,0,0,2,0,1,0,0,0,FW,Belgium,Reached Knockouts
543,Dodi Lukebakio,MF,be Belgium,28,1997,1.8,0,0,0,1,2,0,6,0,1,MF,Belgium,Reached Knockouts
544,Jovo Luki?,FW,ba BosniaHerz,27,1998,0.7,1,0,0,1,0,0,0,0,1,FW,BosniaHerz,Reached Knockouts
545,Awer Mabil,FWMF,au Australia,30,1995,0.3,0,0,0,0,1,0,1,0,0,FWMF,Australia,Reached Knockouts
546,Alexis Mac Allister,MF,ar Argentina,27,1998,8.3,1,0,0,9,12,0,2,9,12,MF,Argentina,Reached Knockouts
547,Deiver Machado,DF,co Colombia,32,1993,1.0,0,0,0,1,2,0,1,2,0,DF,Colombia,Reached Knockouts
548,Shuto Machino,FW,jp Japan,26,1999,0.1,0,0,0,1,0,0,1,0,0,FW,Japan,Reached Knockouts
549,Assim Madibo,MF,qa Qatar,29,1996,1.5,0,1,0,2,1,0,0,4,1,MF,Qatar,Group Stage Exit
550,Noni Madueke,MF,eng England,24,2002,3.2,0,0,0,2,3,1,21,2,4,MF,England,Reached Knockouts
551,Daizen Maeda,MF,jp Japan,28,1997,2.7,0,0,0,2,1,1,3,2,3,MF,Japan,Reached Knockouts
552,Gabriel Magalhães,DF,br Brazil,28,1997,5.0,0,0,0,1,3,0,3,4,2,DF,Brazil,Reached Knockouts
553,Ermin Mahmi?,MF,ba BosniaHerz,21,2005,0.8,1,0,0,1,1,0,1,0,1,MF,BosniaHerz,Reached Knockouts
554,Hadj Mahmoud,MF,tn Tunisia,26,2000,0.5,0,0,0,2,0,0,0,0,2,MF,Tunisia,Group Stage Exit
555,Riyad Mahrez,MF,dz Algeria,35,1991,2.9,0,0,0,1,7,1,10,1,2,MF,Algeria,Reached Knockouts
556,Alexandro Maidana,DF,py Paraguay,20,2005,0.6,0,0,0,0,0,0,1,1,0,DF,Paraguay,Reached Knockouts
558,Evidence Makgopa,FW,za South Africa,26,2000,2.4,0,0,0,1,1,2,0,1,1,FW,South Africa,Reached Knockouts
559,Ahmed Maknzi,DF,iq Iraq,24,2001,0.4,0,0,0,0,0,0,0,0,2,DF,Iraq,Group Stage Exit
560,Donyell Malen,FW,nl Netherlands,27,1999,2.1,0,0,0,0,2,0,5,0,0,FW,Netherlands,Reached Knockouts
561,Arjan Malic,DF,ba BosniaHerz,20,2005,0.5,0,0,0,1,1,0,2,0,0,DF,BosniaHerz,Reached Knockouts
562,Mohamed Manai,DF,qa Qatar,23,2002,0.8,0,0,0,3,0,0,0,2,0,DF,Qatar,Group Stage Exit
563,Aïssa Mandi,DF,dz Algeria,34,1991,4.0,0,0,0,0,5,0,0,4,3,DF,Algeria,Reached Knockouts
564,Sadio Mané,MFFW,sn Senegal,34,1992,4.0,0,0,0,4,10,3,13,3,2,MFFW,Senegal,Reached Knockouts
565,Juan Manuel Sanabria,DF,uy Uruguay,26,2000,2.3,1,0,0,1,0,1,15,1,4,DF,Uruguay,Group Stage Exit
566,Johan Manzambi,MFFW,ch Switzerland,20,2005,2.2,0,0,0,3,3,1,3,0,0,MFFW,Switzerland,Reached Knockouts
567,Mahmoud Al-Mardi,MF,jo Jordan,32,1993,1.4,0,0,0,4,2,0,7,0,1,MF,Jordan,Group Stage Exit
568,Jearl Margaritha,FWMF,cw Curaçao,26,2000,0.5,0,0,0,0,0,0,0,0,0,FWMF,Curaçao,Group Stage Exit
569,Omar Marmoush,FWMF,eg Egypt,27,1999,3.6,0,0,0,3,8,0,5,2,3,FWMF,Egypt,Reached Knockouts
570,Marquinhos,DF,br Brazil,32,1994,5.0,0,0,0,0,2,1,1,3,2,DF,Brazil,Reached Knockouts
571,Gabriel Martinelli,MF,br Brazil,24,2001,1.6,0,0,0,4,3,0,2,2,0,MF,Brazil,Reached Knockouts
572,Guillermo Martínez Ayala,FW,mx Mexico,31,1995,0.8,0,0,0,3,1,0,0,0,0,FW,Mexico,Reached Knockouts
573,Cristian Martínez,MFFW,pa Panama,29,1997,2.7,0,0,0,5,5,1,12,1,4,MFFW,Panama,Group Stage Exit
575,Lautaro Martínez,FW,ar Argentina,28,1997,3.4,1,0,0,8,5,2,1,1,1,FW,Argentina,Reached Knockouts
576,Lisandro Martínez,DF,ar Argentina,28,1998,6.9,2,0,0,7,4,0,2,6,7,DF,Argentina,Reached Knockouts
577,Thapelo Maseko,MFFW,za South Africa,22,2003,2.7,0,0,0,4,10,0,2,2,1,MFFW,South Africa,Reached Knockouts
578,Hazem Mastouri,FW,tn Tunisia,28,1997,1.0,0,0,0,2,2,0,1,1,0,FW,Tunisia,Group Stage Exit
579,Arthur Masuaku,DF,cd Congo DR,32,1993,3.5,0,0,0,0,4,0,12,0,5,DF,Congo DR,Reached Knockouts
580,Igor Matanovi?,FW,hr Croatia,23,2003,1.1,0,0,0,4,3,1,0,0,0,FW,Croatia,Reached Knockouts
581,Pape Matar Sarr,MF,sn Senegal,23,2002,0.7,0,0,0,1,0,0,0,1,0,MF,Senegal,Reached Knockouts
582,Jean-Philippe Mateta,FW,fr France,28,1997,0.3,0,0,0,1,0,0,0,0,0,FW,France,Reached Knockouts
583,Mauricio,MF,py Paraguay,25,2001,1.9,0,0,0,3,3,0,11,1,6,MF,Paraguay,Reached Knockouts
584,Fiston Mayele,FW,cd Congo DR,31,1994,0.5,0,0,0,1,1,1,0,0,0,FW,Congo DR,Reached Knockouts
585,Ibrahim Maza,MFFW,dz Algeria,20,2005,3.9,0,0,0,1,5,0,1,0,2,MFFW,Algeria,Reached Knockouts
586,Noussair Mazraoui,DF,ma Morocco,28,1997,5.3,0,0,0,4,6,0,3,2,8,DF,Morocco,Reached Knockouts
587,Kylian Mbappé,FW,fr France,27,1998,7.7,1,0,0,6,8,7,4,0,1,FW,France,Reached Knockouts
588,Thalente Mbatha,MF,za South Africa,26,2000,2.9,1,0,0,4,0,0,4,5,2,MF,South Africa,Reached Knockouts
589,Ibrahim Mbaye,MF,sn Senegal,18,2008,1.7,0,0,0,0,2,0,9,1,0,MF,Senegal,Reached Knockouts
590,Chancel Mbemba,DF,cd Congo DR,31,1994,4.0,1,0,0,1,3,0,4,1,3,DF,Congo DR,Reached Knockouts
591,Mbekezeli Mbokazi,DF,za South Africa,20,2005,4.0,0,0,0,3,5,1,3,4,5,DF,South Africa,Reached Knockouts
592,Nathanaël Mbuku,MFFW,cd Congo DR,24,2002,1.6,1,0,0,4,8,0,14,0,3,MFFW,Congo DR,Reached Knockouts
593,Callum McCowatt,MF,nz New Zealand,27,1999,1.8,1,0,0,4,1,0,3,1,1,MF,New Zealand,Group Stage Exit
594,John McGinn,MF,sct Scotland,31,1994,2.9,0,0,0,2,11,0,10,0,0,MF,Scotland,Group Stage Exit
595,Scott McKenna,DF,sct Scotland,29,1996,1.0,0,0,0,0,0,0,0,0,0,DF,Scotland,Group Stage Exit
596,Weston McKennie,MF,us USA,27,1998,4.9,1,0,0,8,2,0,11,7,7,MF,USA,Reached Knockouts
597,Mark McKenzie,DF,us USA,27,1999,1.0,0,0,0,1,1,0,0,1,1,DF,USA,Reached Knockouts
598,Kenny McLean,MF,sct Scotland,34,1992,1.3,1,0,0,1,1,0,2,2,1,MF,Scotland,Group Stage Exit
599,Scott McTominay,MF,sct Scotland,29,1996,3.0,0,0,0,3,0,0,0,0,2,MF,Scotland,Group Stage Exit
600,Brandon Mechele,DF,be Belgium,33,1993,6.3,1,0,0,9,2,0,0,4,4,DF,Belgium,Reached Knockouts
601,Facundo Medina,DF,ar Argentina,27,1999,3.4,1,0,0,3,2,1,1,2,7,DF,Argentina,Reached Knockouts
602,Yaimar Medina,DFMF,ec Ecuador,21,2004,0.5,0,0,0,1,0,0,4,1,0,DFMF,Ecuador,Reached Knockouts
603,Hannibal Mejbri,MF,tn Tunisia,23,2003,3.0,0,0,0,4,15,0,10,1,4,MF,Tunisia,Group Stage Exit
604,Amar Memi?,MF,ba BosniaHerz,25,2001,2.5,0,0,0,4,3,0,5,2,2,MF,BosniaHerz,Reached Knockouts
605,Memphis,FWMF,nl Netherlands,32,1994,0.6,1,0,0,1,1,0,1,0,0,FWMF,Netherlands,Reached Knockouts
606,Sultan Mendash,MF,sa Saudi Arabia,31,1994,0.7,0,0,0,1,2,0,0,0,3,MF,Saudi Arabia,Group Stage Exit
608,Nuno Mendes,DF,pt Portugal,23,2002,4.4,0,0,0,3,12,1,19,0,6,DF,Portugal,Reached Knockouts
609,Ryan Mendes,FWMF,cv Cabo Verde,36,1990,3.7,0,0,0,1,2,2,3,5,2,FWMF,Cabo Verde,Reached Knockouts
611,Gideon Mensah,DF,gh Ghana,27,1998,4.0,0,0,0,2,3,0,3,8,5,DF,Ghana,Reached Knockouts
612,Mikel Merino,MF,es Spain,29,1996,2.2,0,0,0,6,8,0,1,3,2,MF,Spain,Reached Knockouts
613,Lionel Messi,FW,ar Argentina,38,1987,8.2,0,0,0,3,20,5,54,0,10,FW,Argentina,Reached Knockouts
614,Connor Metcalfe,MF,au Australia,26,1999,3.5,0,0,0,1,0,0,8,2,5,MF,Australia,Reached Knockouts
615,Thomas Meunier,DF,be Belgium,34,1991,2.1,0,0,0,9,0,0,7,2,2,DF,Belgium,Reached Knockouts
616,Liam Millar,MF,ca Canada,26,1999,1.8,1,0,0,3,1,0,10,0,4,MF,Canada,Reached Knockouts
617,Kim Min-jae,DF,kr Korea Republic,29,1996,2.7,0,0,0,2,1,0,0,2,2,DF,Korea Republic,Group Stage Exit
619,Alan Minda,MF,ec Ecuador,23,2003,0.6,0,0,0,0,1,0,2,1,0,MF,Ecuador,Reached Knockouts
620,Aubrey Modiba,DF,za South Africa,30,1995,3.8,1,0,0,4,6,2,11,4,5,DF,South Africa,Reached Knockouts
621,Luka Modri?,MF,hr Croatia,40,1985,3.5,1,0,0,4,3,0,11,0,3,MF,Croatia,Reached Knockouts
622,Relebohile Mofokeng,MF,za South Africa,21,2004,1.9,0,0,0,3,2,0,2,0,2,MF,South Africa,Reached Knockouts
623,Shahriar Moghanlou,FW,ir IR Iran,31,1994,1.0,0,0,0,1,1,1,2,0,2,FW,IR Iran,Group Stage Exit
624,Milad Mohammadi,DF,ir IR Iran,32,1993,2.3,0,0,0,1,1,2,3,2,4,DF,IR Iran,Group Stage Exit
625,Mohammad Mohebi,MF,ir IR Iran,27,1998,2.7,0,0,0,1,1,0,1,1,1,MF,IR Iran,Group Stage Exit
626,Johan Mojica,DF,co Colombia,33,1992,4.3,1,0,0,1,7,1,11,3,3,DF,Colombia,Reached Knockouts
627,Teboho Mokoena,MF,za South Africa,29,1997,3.0,2,0,0,3,6,0,5,5,3,MF,South Africa,Reached Knockouts
628,Nahuel Molina,DF,ar Argentina,28,1998,5.9,0,0,0,3,0,1,5,8,3,DF,Argentina,Reached Knockouts
629,Jamiro Monteiro,MF,cv Cabo Verde,32,1993,3.1,0,0,0,4,2,0,7,4,4,MF,Cabo Verde,Reached Knockouts
630,César Montes,DF,mx Mexico,29,1997,3.5,0,1,0,4,3,0,2,2,1,DF,Mexico,Reached Knockouts
631,Gonzalo Montiel,DF,ar Argentina,29,1997,2.1,1,0,0,4,2,0,4,3,3,DF,Argentina,Reached Knockouts
632,Kim Moon-hwan,MF,kr Korea Republic,30,1995,0.8,0,0,0,0,0,0,0,1,1,MF,Korea Republic,Group Stage Exit
633,Gilberto Mora,MF,mx Mexico,17,2008,2.4,0,0,0,3,3,0,4,2,2,MF,Mexico,Reached Knockouts
634,Diego Moreira,MF,be Belgium,21,2004,0.6,0,0,0,2,1,1,5,1,1,MF,Belgium,Reached Knockouts
635,Steven Moreira,DF,cv Cabo Verde,31,1994,3.3,0,0,0,0,2,0,4,2,3,DF,Cabo Verde,Reached Knockouts
636,Tshepang Moremi,MF,za South Africa,25,2000,0.4,0,0,0,1,1,0,0,0,1,MF,South Africa,Reached Knockouts
638,Samir El Mourabet,MF,ma Morocco,20,2005,0.9,0,0,0,0,1,0,1,1,1,MF,Morocco,Reached Knockouts
639,Samuel Moutoussamy,MF,cd Congo DR,29,1996,3.7,1,0,0,8,1,0,1,1,8,MF,Congo DR,Reached Knockouts
640,Akmal Mozgovoy,MF,uz Uzbekistan,27,1999,2.4,0,0,0,0,3,0,0,2,0,MF,Uzbekistan,Group Stage Exit
642,Khuliso Mudau,DF,za South Africa,31,1995,4.0,0,0,0,4,10,1,3,11,8,DF,South Africa,Reached Knockouts
643,Tarik Muharemovic,DF,ba BosniaHerz,23,2003,2.9,0,1,0,5,2,0,1,8,1,DF,BosniaHerz,Reached Knockouts
644,Miro Muheim,DFMF,ch Switzerland,28,1998,1.0,1,0,0,1,3,0,2,2,1,DFMF,Switzerland,Reached Knockouts
645,Ngal'Ayel Mukau,MF,cd Congo DR,21,2004,2.2,0,0,0,3,4,1,0,3,2,MF,Congo DR,Reached Knockouts
646,Mert Müldür,DF,tr Türkiye,27,1999,1.1,0,0,0,1,2,0,6,1,2,DF,Türkiye,Group Stage Exit
647,Daniel Muñoz,DF,co Colombia,30,1996,4.4,0,0,0,9,1,3,8,7,3,DF,Colombia,Reached Knockouts
648,Petar Musa,FW,hr Croatia,28,1998,1.2,0,0,0,1,1,0,0,0,0,FW,Croatia,Reached Knockouts
649,Jamal Musiala,MF,de Germany,23,2003,3.0,1,0,0,5,11,0,5,1,5,MF,Germany,Reached Knockouts
651,Phillipp Mwene,DF,at Austria,32,1994,1.6,0,0,0,1,1,0,6,3,0,DF,Austria,Reached Knockouts
652,David Møller Wolfe,DF,no Norway,24,2002,4.8,0,0,0,7,2,0,5,3,3,DF,Norway,Reached Knockouts
653,Y?to Nagatomo,DFMF,jp Japan,39,1986,0.2,0,0,0,0,0,0,1,1,0,DFMF,Japan,Reached Knockouts
654,Keito Nakamura,MF,jp Japan,25,2000,3.4,0,0,0,3,1,1,9,1,3,MF,Japan,Reached Knockouts
655,Abdallah Nasib,DF,jo Jordan,32,1994,2.9,0,0,0,1,1,0,0,7,3,DF,Jordan,Group Stage Exit
656,Sherzod Nasrullaev,DFMF,uz Uzbekistan,27,1998,2.0,1,0,0,3,2,0,3,2,2,DFMF,Uzbekistan,Group Stage Exit
657,Duckens Nazon,FWMF,ht Haiti,32,1994,0.3,1,0,0,0,1,0,0,0,0,FWMF,Haiti,Group Stage Exit
658,Iliman Ndiaye,FW,sn Senegal,26,2000,1.3,0,0,0,2,1,0,2,2,0,FW,Senegal,Reached Knockouts
659,Dan Ndoye,MFFW,ch Switzerland,25,2000,4.5,0,0,0,5,16,4,11,4,5,MFFW,Switzerland,Reached Knockouts
661,Ali Nemati,DF,ir IR Iran,30,1996,3.0,1,0,0,3,0,1,2,0,2,DF,IR Iran,Group Stage Exit
663,Pedro Neto,MF,pt Portugal,26,2000,3.9,0,0,0,4,4,0,13,0,2,MF,Portugal,Reached Knockouts
665,João Neves,MF,pt Portugal,21,2004,4.3,0,0,0,1,4,0,2,4,7,MF,Portugal,Reached Knockouts
666,Rúben Neves,MF,pt Portugal,29,1997,0.6,0,0,0,0,0,0,0,0,0,MF,Portugal,Reached Knockouts
667,Neymar,FWMF,br Brazil,34,1992,0.4,1,0,0,1,1,0,7,0,0,FWMF,Brazil,Reached Knockouts
668,Nathan Ngoy,DF,be Belgium,23,2003,3.7,0,1,0,6,1,0,0,7,4,DF,Belgium,Reached Knockouts
669,Moussa Niakhaté,DF,sn Senegal,30,1996,4.3,0,0,0,3,6,0,2,4,1,DF,Senegal,Reached Knockouts
671,Felix Nmecha,MF,de Germany,25,2000,3.0,0,0,0,3,3,0,2,2,9,MF,Germany,Reached Knockouts
673,Tyrese Noslin,MF,cw Curaçao,23,2002,0.2,0,0,0,0,2,0,3,0,0,MF,Curaçao,Group Stage Exit
674,Ernest Nuamah,MF,gh Ghana,22,2003,1.0,0,0,0,2,2,0,1,0,1,MF,Ghana,Reached Knockouts
676,Darwin Núñez,FW,uy Uruguay,26,1999,1.7,0,0,0,1,1,2,1,2,1,FW,Uruguay,Group Stage Exit
677,Antonio Nusa,FW,no Norway,21,2005,3.5,1,0,0,1,5,2,7,2,2,FW,Norway,Reached Knockouts
678,Benjamin Nygren,MF,se Sweden,24,2001,1.4,0,0,0,3,0,0,5,0,0,MF,Sweden,Reached Knockouts
680,Aiden O'Neill,MF,au Australia,27,1998,4.0,0,0,0,2,8,0,10,2,2,MF,Australia,Reached Knockouts
681,Nico O'Reilly,DF,eng England,21,2005,5.1,1,0,0,6,4,0,4,5,3,DF,England,Reached Knockouts
682,Salim Obaid,DF,jo Jordan,34,1992,0.2,0,0,0,1,0,0,0,0,2,DF,Jordan,Group Stage Exit
683,Armando Obispo,DF,cw Curaçao,27,1999,3.0,0,0,0,1,0,1,0,7,1,DF,Curaçao,Group Stage Exit
685,K?ki Ogawa,FW,jp Japan,28,1997,0.5,0,0,0,1,0,0,0,0,0,FW,Japan,Reached Knockouts
686,Braian Ojeda,MF,py Paraguay,25,2000,0.2,0,0,0,0,0,0,0,0,0,MF,Paraguay,Reached Knockouts
687,Noah Okafor,FWMF,ch Switzerland,26,2000,0.2,0,0,0,0,0,0,0,0,1,FWMF,Switzerland,Reached Knockouts
688,Ime Okon,DF,za South Africa,22,2004,4.0,0,0,0,1,0,0,0,5,2,DF,South Africa,Reached Knockouts
689,Paul Okon-Engstler,MF,au Australia,21,2005,2.2,0,0,0,3,2,0,2,5,2,MF,Australia,Reached Knockouts
690,Ben Old,MF,nz New Zealand,23,2002,1.0,0,0,0,0,1,0,1,1,0,MF,New Zealand,Group Stage Exit
691,Michael Olise,MF,fr France,24,2001,7.2,1,0,0,5,16,0,22,3,8,MF,France,Reached Knockouts
692,Mathías Olivera,DF,uy Uruguay,28,1997,3.0,1,0,0,3,0,0,5,2,4,DF,Uruguay,Group Stage Exit
693,Dani Olmo,MF,es Spain,28,1998,5.5,0,0,0,6,10,0,1,1,5,MF,Spain,Reached Knockouts
694,Tani Oluwaseyi,FW,ca Canada,26,2000,2.9,0,0,0,5,5,1,2,0,3,FW,Canada,Reached Knockouts
695,Ali Olwan,MF,jo Jordan,26,2000,3.0,0,0,0,1,4,1,5,1,0,MF,Jordan,Group Stage Exit
696,Amadou Onana,MF,be Belgium,24,2001,1.2,0,0,0,1,3,0,0,2,2,MF,Belgium,Reached Knockouts
697,Christopher Opéri,DF,ci Côte d'Ivoire,29,1997,1.0,0,0,0,2,0,0,2,1,2,DF,Côte d'Ivoire,Reached Knockouts
698,Jerome Opoku,DF,gh Ghana,27,1998,3.0,0,0,0,2,4,0,0,1,2,DF,Ghana,Reached Knockouts
699,Joel Ordóñez,DF,ec Ecuador,22,2004,2.5,0,0,0,1,1,0,0,1,5,DF,Ecuador,Reached Knockouts
700,Jonathan Osorio,MF,ca Canada,34,1992,0.1,0,0,0,0,1,0,0,1,0,MF,Canada,Reached Knockouts
701,Nicolás Otamendi,DF,ar Argentina,38,1988,2.7,0,0,0,4,4,1,0,6,2,DF,Argentina,Reached Knockouts
702,Zakaria El Ouahdi,DFMF,ma Morocco,24,2001,0.2,0,0,0,1,1,0,0,0,0,DFMF,Morocco,Reached Knockouts
703,Ayoub Al-Oui,DF,qa Qatar,21,2005,1.7,0,0,0,1,0,0,0,2,0,DF,Qatar,Group Stage Exit
704,Azzedine Ounahi,MF,ma Morocco,26,2000,4.8,1,0,0,3,7,0,4,1,1,MF,Morocco,Reached Knockouts
706,Elisha Owusu,MF,gh Ghana,28,1997,1.7,0,0,0,2,0,0,3,0,3,MF,Ghana,Reached Knockouts
707,Mikel Oyarzabal,FW,es Spain,29,1997,6.7,0,0,0,4,5,1,3,1,5,FW,Spain,Reached Knockouts
708,Salih Özcan,MF,tr Türkiye,28,1998,1.1,0,0,0,2,2,0,1,4,1,MF,Türkiye,Group Stage Exit
709,Willian Pacho,DF,ec Ecuador,24,2001,4.0,0,0,0,3,2,0,0,8,2,DF,Ecuador,Reached Knockouts
710,Kendry Páez,MF,ec Ecuador,19,2007,0.1,1,0,0,1,0,0,0,0,0,MF,Ecuador,Reached Knockouts
711,Exequiel Palacios,DF,ar Argentina,27,1998,1.0,0,0,0,1,1,0,0,5,0,DF,Argentina,Reached Knockouts
712,Lucas Paquetá,MF,br Brazil,28,1997,2.6,0,0,0,3,6,0,5,5,4,MF,Brazil,Reached Knockouts
713,Leandro Paredes,MF,ar Argentina,31,1994,5.3,2,0,0,9,3,0,2,5,6,MF,Argentina,Reached Knockouts
714,Thomas Partey,MF,gh Ghana,33,1993,3.0,0,0,0,2,5,0,0,6,4,MF,Ghana,Reached Knockouts
715,Marco Paali?,MF,hr Croatia,25,2000,1.1,0,0,0,0,2,2,11,1,2,MF,Croatia,Reached Knockouts
716,Mario Paali?,MF,hr Croatia,31,1995,1.4,0,0,0,2,0,1,1,1,1,MF,Croatia,Reached Knockouts
717,Nathan Patterson,DF,sct Scotland,24,2001,2.1,0,0,0,2,0,0,1,3,2,DF,Scotland,Group Stage Exit
718,João Paulo Fernandes,DF,cv Cabo Verde,28,1998,1.2,0,0,0,0,4,0,5,6,1,DF,Cabo Verde,Reached Knockouts
719,Aleksandar Pavlovic,MF,de Germany,22,2004,3.0,1,0,0,13,4,0,1,2,3,MF,Germany,Reached Knockouts
720,Tim Payne,DF,nz New Zealand,32,1994,2.5,0,0,0,2,2,0,10,1,3,DF,New Zealand,Group Stage Exit
721,Nicolás Paz,MF,ar Argentina,21,2004,0.8,0,0,0,2,1,0,0,0,2,MF,Argentina,Reached Knockouts
722,Marcus Pedersen,DF,no Norway,25,2000,2.6,0,0,0,3,1,0,6,0,2,DF,Norway,Reached Knockouts
723,Pedri,MF,es Spain,23,2002,5.5,1,0,0,4,5,1,13,10,8,MF,Spain,Reached Knockouts
724,Nicolas Pépé,FW,ci Côte d'Ivoire,31,1995,2.6,1,0,0,1,1,1,10,3,0,FW,Côte d'Ivoire,Reached Knockouts
725,Ricardo Pepi,FW,us USA,23,2003,2.3,0,0,0,5,3,2,0,1,1,FW,USA,Reached Knockouts
726,Kojo Peprah Oppong,DF,gh Ghana,22,2004,0.5,1,0,0,1,0,0,0,0,0,DF,Ghana,Reached Knockouts
727,Ivan Perii?,MFDF,hr Croatia,37,1989,4.0,2,0,0,4,1,0,20,4,4,MFDF,Croatia,Reached Knockouts
728,Jens Petter Hauge,DFFW,no Norway,26,1999,0.1,0,0,0,0,0,0,0,0,0,DFFW,Norway,Reached Knockouts
729,Charles Pickel,DFMF,cd Congo DR,29,1997,0.4,1,0,0,2,1,0,0,0,0,DFMF,Congo DR,Reached Knockouts
731,Pico,DF,cv Cabo Verde,33,1992,4.3,0,0,0,0,3,0,0,7,5,DF,Cabo Verde,Reached Knockouts
732,Frantzdy Pierrot,FW,ht Haiti,31,1995,1.6,1,0,0,5,4,2,0,0,0,FW,Haiti,Group Stage Exit
733,Kevin Pina,MF,cv Cabo Verde,29,1997,3.9,1,0,0,5,3,0,2,3,7,MF,Cabo Verde,Reached Knockouts
734,Wagner Pina,DF,cv Cabo Verde,23,2002,1.0,1,0,0,1,3,0,2,1,0,DF,Cabo Verde,Reached Knockouts
735,Orbelín Pineda,FWMF,mx Mexico,30,1996,0.3,0,0,0,0,2,0,0,0,0,FWMF,Mexico,Reached Knockouts
736,Yéremy Pino,FWMF,es Spain,23,2002,0.8,0,0,0,2,0,1,1,0,0,FWMF,Spain,Reached Knockouts
737,Isidro Pitta,FW,py Paraguay,26,1999,0.5,0,0,0,2,0,2,0,0,0,FW,Paraguay,Reached Knockouts
739,Gonzalo Plata,FW,ec Ecuador,25,2000,4.0,1,0,0,5,4,0,8,2,5,FW,Ecuador,Reached Knockouts
740,Marin Pongra?i?,DF,hr Croatia,28,1997,3.0,0,0,0,3,0,0,0,0,3,DF,Croatia,Reached Knockouts
741,Jackson Porozo,DF,ec Ecuador,25,2000,0.3,1,0,0,2,0,0,0,0,0,DF,Ecuador,Reached Knockouts
742,Pedro Porro,DF,es Spain,26,1999,6.3,0,0,0,10,9,0,24,8,11,DF,Spain,Reached Knockouts
743,Stefan Posch,DF,at Austria,29,1997,3.7,2,0,0,7,3,0,3,10,4,DF,Austria,Reached Knockouts
744,Alexander Prass,DFMF,at Austria,25,2001,0.3,0,0,0,0,0,0,3,0,0,DFMF,Austria,Reached Knockouts
745,Ángelo Preciado,DFMF,ec Ecuador,28,1998,1.2,0,0,0,0,1,0,7,3,1,DFMF,Ecuador,Reached Knockouts
746,Ruben Providence,MF,ht Haiti,24,2001,2.4,0,0,0,3,5,0,6,0,2,MF,Haiti,Group Stage Exit
747,Luká Provod,FW,cz Czechia,29,1996,1.4,0,0,0,2,1,1,5,1,3,FW,Czechia,Group Stage Exit
749,Gustavo Puerta,MF,co Colombia,22,2003,5.2,1,0,0,9,8,0,2,3,3,MF,Colombia,Reached Knockouts
750,Christian Pulisic,MF,us USA,27,1998,2.5,0,0,0,1,8,2,4,0,1,MF,USA,Reached Knockouts
751,Ahmed Qasem,MFFW,iq Iraq,22,2003,1.4,0,0,0,0,1,0,1,0,0,MFFW,Iraq,Group Stage Exit
752,Jarell Quansah,DF,eng England,23,2003,2.2,1,1,0,2,2,0,1,0,0,DF,England,Reached Knockouts
753,Julián Quiñones,FWMF,mx Mexico,29,1997,4.6,0,0,0,5,7,1,3,0,0,FWMF,Mexico,Reached Knockouts
755,Juan Quintero,FWMF,co Colombia,33,1993,1.3,0,0,0,0,1,0,12,0,0,FWMF,Colombia,Reached Knockouts
756,Ramy Rabia,DF,eg Egypt,33,1993,4.1,0,0,0,3,2,0,0,3,5,DF,Egypt,Reached Knockouts
757,Adrien Rabiot,MF,fr France,31,1995,6.5,1,0,0,13,4,1,2,11,7,MF,France,Reached Knockouts
758,Stjepan Radelji?,DF,ba BosniaHerz,28,1997,2.0,1,0,0,1,3,0,0,0,1,DF,BosniaHerz,Reached Knockouts
759,Soufiane Rahimi,FW,ma Morocco,30,1996,1.8,0,0,0,5,6,2,1,0,2,FW,Morocco,Reached Knockouts
761,Anthony Ralston,DF,sct Scotland,27,1998,0.1,0,0,0,2,0,0,1,0,0,DF,Scotland,Group Stage Exit
762,Gonçalo Ramos,FW,pt Portugal,24,2001,0.4,0,0,0,0,0,0,0,0,0,FW,Portugal,Reached Knockouts
763,Jiovany Ramos,DF,pa Panama,29,1997,1.8,0,0,0,2,1,0,0,3,1,DF,Panama,Group Stage Exit
764,Jesse Randall,MF,nz New Zealand,23,2002,0.7,0,0,0,0,1,0,5,0,0,MF,New Zealand,Group Stage Exit
766,Raphinha,MFFW,br Brazil,29,1996,1.4,0,0,0,1,2,2,9,0,0,MFFW,Brazil,Reached Knockouts
767,Nizar Al Rashdan,MF,jo Jordan,27,1999,2.8,0,0,0,5,4,0,0,2,5,MF,Jordan,Group Stage Exit
768,Marcus Rashford,MF,eng England,28,1997,2.5,0,0,0,5,1,1,17,0,2,MF,England,Reached Knockouts
769,Nicolas Raskin,MF,be Belgium,25,2001,3.8,0,0,0,12,3,0,7,2,5,MF,Belgium,Reached Knockouts
770,David Raum,DF,de Germany,28,1998,1.2,0,0,0,2,0,0,13,1,1,DF,Germany,Reached Knockouts
771,Noor Al Rawabdeh,MF,jo Jordan,29,1997,3.0,0,0,0,1,0,0,0,2,7,MF,Jordan,Group Stage Exit
772,Rayan,FWMF,br Brazil,19,2006,3.2,0,0,0,5,4,1,11,3,4,FWMF,Brazil,Reached Knockouts
773,Iqraam Rayners,FW,za South Africa,30,1995,1.8,0,0,0,1,1,2,2,0,0,FW,South Africa,Reached Knockouts
774,Tim Ream,DF,us USA,38,1987,4.0,0,0,0,0,2,0,0,6,1,DF,USA,Reached Knockouts
775,Tijjani Reijnders,MF,nl Netherlands,27,1998,2.2,0,0,0,0,3,1,15,2,0,MF,Netherlands,Reached Knockouts
776,Omar Rekik,DF,tn Tunisia,24,2001,2.0,0,0,0,0,1,1,1,3,2,DF,Tunisia,Group Stage Exit
777,Israel Reyes,DF,mx Mexico,26,2000,2.2,0,0,0,1,0,0,2,3,1,DF,Mexico,Reached Knockouts
778,Gio Reyna,MF,us USA,23,2002,1.5,0,0,0,1,3,0,1,0,0,MF,USA,Reached Knockouts
779,Ramin Rezaeian,DFMF,ir IR Iran,36,1990,3.0,0,0,0,2,3,1,18,2,5,DFMF,IR Iran,Group Stage Exit
780,Chadi Riad,DF,ma Morocco,22,2003,3.8,0,0,0,0,1,0,0,4,1,DF,Morocco,Reached Knockouts
781,Declan Rice,MF,eng England,27,1999,6.2,2,0,0,4,0,1,44,5,3,MF,England,Reached Knockouts
782,Chris Richards,DF,us USA,26,2000,4.0,1,0,0,8,3,0,0,4,3,DF,USA,Reached Knockouts
783,Fabian Rieder,MFFW,ch Switzerland,24,2002,3.4,0,0,0,3,6,0,13,1,3,MFFW,Switzerland,Reached Knockouts
784,Richard Ríos,MF,co Colombia,26,2000,1.6,1,0,0,10,4,0,1,1,2,MF,Colombia,Reached Knockouts
785,Ró-Ró,DF,qa Qatar,35,1990,3.0,0,0,0,1,7,0,2,3,4,DF,Qatar,Group Stage Exit
786,Andy Robertson,DF,sct Scotland,32,1994,2.5,1,0,0,3,1,0,10,2,1,DF,Scotland,Group Stage Exit
787,Antonee Robinson,DFMF,us USA,28,1997,3.9,1,0,0,4,1,0,18,6,4,DFMF,USA,Reached Knockouts
788,Miles Robinson,DF,us USA,29,1997,1.0,0,0,0,2,0,0,0,1,1,DF,USA,Reached Knockouts
790,Rodri,MF,es Spain,29,1996,8.0,0,0,0,11,9,1,4,3,20,MF,Spain,Reached Knockouts
791,Garry Rodrigues,MF,cv Cabo Verde,35,1990,0.8,0,0,0,0,0,2,2,1,2,MF,Cabo Verde,Reached Knockouts
792,Brian Rodríguez,FWMF,uy Uruguay,26,2000,0.5,0,0,0,0,1,0,13,0,0,FWMF,Uruguay,Group Stage Exit
793,James Rodríguez,FWMF,co Colombia,34,1991,3.5,0,0,0,0,5,0,18,1,1,FWMF,Colombia,Reached Knockouts
794,Kevin Rodríguez,FW,ec Ecuador,26,2000,1.3,0,0,0,3,2,0,0,0,1,FW,Ecuador,Reached Knockouts
795,Ricardo Rodríguez,DF,ch Switzerland,33,1992,5.7,0,0,0,11,2,0,19,4,7,DF,Switzerland,Reached Knockouts
796,Tomás Rodríguez,FW,pa Panama,27,1999,0.5,0,0,0,3,1,0,0,0,0,FW,Panama,Group Stage Exit
797,Godfried Roemeratoe,MF,cw Curaçao,26,1999,0.1,0,0,0,0,0,0,0,0,0,MF,Curaçao,Group Stage Exit
798,Morgan Rogers,MF,eng England,23,2002,3.8,0,0,0,5,5,2,5,0,3,MF,England,Reached Knockouts
799,Cristian Romero,DF,ar Argentina,28,1998,6.8,2,0,0,9,3,0,0,11,10,DF,Argentina,Reached Knockouts
800,Luis Romo,MF,mx Mexico,31,1995,2.9,0,0,0,1,3,0,1,4,4,MF,Mexico,Reached Knockouts
801,Cristiano Ronaldo,FW,pt Portugal,41,1985,4.9,0,0,0,2,5,6,0,1,1,FW,Portugal,Reached Knockouts
803,Marten de Roon,DFMF,nl Netherlands,35,1991,0.1,0,0,0,0,0,0,0,0,0,DFMF,Netherlands,Reached Knockouts
804,Saed Al-Rosan,DF,jo Jordan,29,1997,0.1,0,0,0,0,0,0,0,0,0,DF,Jordan,Group Stage Exit
805,Antonio Rüdiger,DF,de Germany,33,1993,2.9,0,0,0,1,0,0,3,0,0,DF,Germany,Reached Knockouts
806,Fabián Ruiz Peña,MF,es Spain,30,1996,3.6,0,0,0,1,3,0,9,4,3,MF,Spain,Reached Knockouts
808,Julian Ryerson,DF,no Norway,28,1997,2.5,0,0,0,6,1,0,15,0,8,DF,Norway,Reached Knockouts
809,Elias Saad,MFFW,tn Tunisia,26,1999,1.3,0,0,0,1,3,1,2,0,1,MFFW,Tunisia,Group Stage Exit
811,Mustafa Saadoon,DF,iq Iraq,25,2001,0.2,0,0,0,2,0,0,0,0,1,DF,Iraq,Group Stage Exit
812,Mahmoud Saber,MF,eg Egypt,24,2001,0.5,1,0,0,2,1,0,1,0,0,MF,Egypt,Reached Knockouts
813,Marcel Sabitzer,MF,at Austria,32,1994,4.0,1,0,0,2,3,1,31,6,2,MF,Austria,Reached Knockouts
814,Noah Sadiki,MF,cd Congo DR,21,2004,2.9,2,0,0,2,3,0,1,2,4,MF,Congo DR,Reached Knockouts
815,Michal Sadílek,MF,cz Czechia,27,1999,2.0,0,0,0,0,3,0,12,2,2,MF,Czechia,Group Stage Exit
816,Alexis Saelemaekers,MF,be Belgium,26,1999,0.9,0,0,0,0,2,2,1,0,2,MF,Belgium,Reached Knockouts
817,Ismael Saibari,FW,ma Morocco,25,2001,4.2,0,0,0,8,3,3,5,0,2,FW,Morocco,Reached Knockouts
818,Bukayo Saka,MF,eng England,24,2001,4.0,0,0,0,4,9,4,21,1,7,MF,England,Reached Knockouts
819,Mohamed Salah,FWMF,eg Egypt,33,1992,4.7,0,0,0,5,13,1,14,2,0,FWMF,Egypt,Reached Knockouts
820,Anass Salah-Eddine,DF,ma Morocco,24,2002,2.4,0,0,0,3,2,0,3,0,5,DF,Morocco,Reached Knockouts
821,Nathan Saliba,MF,ca Canada,22,2004,2.0,1,0,0,5,2,0,2,4,4,MF,Canada,Reached Knockouts
822,William Saliba,DF,fr France,25,2001,5.3,0,0,0,4,0,0,0,6,0,DF,France,Reached Knockouts
824,Antonio Sanabria,FW,py Paraguay,30,1996,0.9,0,0,0,1,2,0,0,0,2,FW,Paraguay,Reached Knockouts
825,Davinson Sánchez,DF,co Colombia,30,1996,5.3,1,0,0,6,5,1,0,6,2,DF,Colombia,Reached Knockouts
826,Jorge Sánchez,DF,mx Mexico,28,1997,3.9,1,0,0,5,1,1,6,5,4,DF,Mexico,Reached Knockouts
827,Alex Sandro,DFMF,br Brazil,35,1991,0.1,0,0,0,1,0,0,0,0,0,DFMF,Brazil,Reached Knockouts
828,Leroy Sané,MF,de Germany,30,1996,3.6,0,0,0,3,2,1,10,2,3,MF,Germany,Reached Knockouts
829,Ibrahim Sangaré,MF,ci Côte d'Ivoire,28,1997,3.0,0,0,0,2,4,0,0,6,5,MF,Côte d'Ivoire,Reached Knockouts
830,Kaish? Sano,MF,jp Japan,25,2000,3.0,1,0,0,4,1,0,1,4,2,MF,Japan,Reached Knockouts
831,Danilo Santos,MF,br Brazil,25,2001,0.5,0,0,0,0,0,0,0,1,2,MF,Brazil,Reached Knockouts
832,Douglas Santos,DF,br Brazil,32,1994,4.9,1,0,0,3,2,1,6,6,10,DF,Brazil,Reached Knockouts
833,Bara Sapoko Ndiaye,MF,sn Senegal,18,2007,0.3,0,0,0,0,2,0,0,0,0,MF,Senegal,Reached Knockouts
834,Ismaila Sarr,MFFW,sn Senegal,28,1998,4.0,0,0,0,1,9,2,2,2,1,MFFW,Senegal,Reached Knockouts
835,Farrukh Sayfiev,DFMF,uz Uzbekistan,35,1991,0.5,0,0,0,0,2,0,2,0,0,DFMF,Uzbekistan,Group Stage Exit
836,Amine Sbai,FWMF,ma Morocco,25,2000,0.1,0,0,0,2,0,0,2,0,0,FWMF,Morocco,Reached Knockouts
837,Joe Scally,DF,us USA,23,2002,1.0,0,0,0,0,2,1,4,1,1,DF,USA,Reached Knockouts
838,Patrik Schick,FW,cz Czechia,30,1996,2.0,0,0,0,1,3,0,0,0,0,FW,Czechia,Group Stage Exit
839,Andreas Schjelderup,FW,no Norway,22,2004,2.8,0,0,0,2,3,0,4,5,3,FW,Norway,Reached Knockouts
841,Xaver Schlager,MF,at Austria,28,1997,2.6,0,0,0,6,0,0,1,7,3,MF,Austria,Reached Knockouts
842,Nico Schlotterbeck,DF,de Germany,26,1999,1.5,0,0,0,2,1,0,0,3,2,DF,Germany,Reached Knockouts
843,Romano Schmid,MFFW,at Austria,26,2000,2.9,0,0,0,3,4,0,3,0,4,MFFW,Austria,Reached Knockouts
844,Kamogelo Sebelebele,DFMF,za South Africa,23,2002,0.1,0,0,0,1,0,0,1,0,0,DFMF,South Africa,Reached Knockouts
845,Abdoulaye Seck,DF,sn Senegal,34,1992,0.6,1,0,0,1,1,0,0,0,0,DF,Senegal,Reached Knockouts
846,Alidu Seidu,DF,gh Ghana,26,2000,0.9,1,0,0,1,0,0,1,1,1,DF,Ghana,Reached Knockouts
847,Nicolas Seiwald,MF,at Austria,25,2001,3.5,0,0,0,1,1,0,3,4,5,MF,Austria,Reached Knockouts
848,Ayumu Seko,DF,jp Japan,26,2000,1.0,0,0,0,1,0,0,0,1,1,DF,Japan,Reached Knockouts
850,Ken Sema,FWMF,se Sweden,32,1993,0.2,0,0,0,0,1,0,0,0,1,FWMF,Sweden,Reached Knockouts
851,Nélson Semedo,DFMF,pt Portugal,32,1993,1.4,1,0,0,2,2,0,3,0,0,DFMF,Portugal,Reached Knockouts
852,Willy Semedo,FW,cv Cabo Verde,32,1994,1.5,0,0,0,4,2,0,2,3,0,FW,Cabo Verde,Reached Knockouts
853,Antoine Semenyo,MFFW,gh Ghana,26,2000,4.0,0,0,0,6,4,4,5,0,2,MFFW,Ghana,Reached Knockouts
854,Marvin Senaya,DF,gh Ghana,25,2001,3.1,0,0,0,6,4,0,8,6,12,DF,Ghana,Reached Knockouts
855,Marcos Senesi,DF,ar Argentina,29,1997,1.2,0,0,0,0,3,0,0,2,0,DF,Argentina,Reached Knockouts
856,Igor Sergeev,FW,uz Uzbekistan,33,1993,0.3,0,0,0,0,0,1,0,0,0,FW,Uzbekistan,Group Stage Exit
857,Jean Seri,MF,ci Côte d'Ivoire,34,1991,0.2,0,0,0,0,0,0,3,0,1,MF,Côte d'Ivoire,Reached Knockouts
859,Paik Seung-ho,MF,kr Korea Republic,29,1997,2.3,1,0,0,1,2,0,1,1,0,MF,Korea Republic,Group Stage Exit
860,Joaquin Seys,DF,be Belgium,21,2005,0.3,0,0,0,0,0,0,0,0,1,DF,Belgium,Reached Knockouts
861,Jacob Shaffelburg,MF,ca Canada,26,1999,1.0,0,0,0,2,1,0,18,2,1,MF,Canada,Reached Knockouts
862,Mohammed Abu Al-Shamat,MF,sa Saudi Arabia,23,2002,1.5,0,0,0,2,1,0,3,1,3,MF,Saudi Arabia,Group Stage Exit
863,Lawrence Shankland,FW,sct Scotland,30,1995,1.9,0,0,0,5,3,1,0,0,1,FW,Scotland,Group Stage Exit
865,Aimar Sher,MF,iq Iraq,23,2002,0.3,0,0,0,0,0,0,1,0,0,MF,Iraq,Group Stage Exit
866,Kento Shiogai,FW,jp Japan,21,2005,0.1,0,0,0,0,0,0,0,0,0,FW,Japan,Reached Knockouts
868,Eldor Shomurodov,FW,uz Uzbekistan,30,1995,3.0,0,0,0,8,4,1,1,0,4,FW,Uzbekistan,Group Stage Exit
869,Otabek Shukurov,MF,uz Uzbekistan,29,1996,2.6,0,0,0,2,5,0,1,0,2,MF,Uzbekistan,Group Stage Exit
870,Nkosinathi Sibisi,DF,za South Africa,30,1995,1.0,1,0,0,1,0,0,0,1,0,DF,South Africa,Reached Knockouts
871,Kwasi Sibo,MF,gh Ghana,27,1998,2.8,0,0,0,7,1,0,0,2,0,MF,Ghana,Reached Knockouts
872,Niko Sigur,MF,ca Canada,22,2003,1.4,1,0,0,5,1,0,5,0,1,MF,Canada,Reached Knockouts
873,Bernardo Silva,MF,pt Portugal,31,1994,1.1,2,0,0,3,0,0,0,1,0,MF,Portugal,Reached Knockouts
874,Éderson Silva,MF,br Brazil,26,1999,0.2,0,0,0,1,0,0,2,1,0,MF,Brazil,Reached Knockouts
875,Giuliano Simeone,FW,ar Argentina,23,2002,2.1,0,0,0,9,1,1,2,1,3,FW,Argentina,Reached Knockouts
876,Dominique Simon,MF,ht Haiti,25,2000,0.6,0,0,0,1,1,0,1,1,1,MF,Haiti,Group Stage Exit
878,Sarpreet Singh,MF,nz New Zealand,27,1999,2.3,1,0,0,2,2,0,7,0,1,MF,New Zealand,Group Stage Exit
879,Wilfried Singo,DF,ci Côte d'Ivoire,25,2000,1.9,0,0,0,3,1,0,1,4,0,DF,Côte d'Ivoire,Reached Knockouts
880,Sphephelo Sithole,MF,za South Africa,27,1999,2.5,0,1,0,5,1,0,0,5,5,MF,South Africa,Reached Knockouts
881,Ellyes Skhiri,MFDF,tn Tunisia,31,1995,2.8,0,0,0,0,1,0,0,2,1,MFDF,Tunisia,Group Stage Exit
882,Alexandr Sojka,MFDF,cz Czechia,23,2003,1.6,0,0,0,0,2,0,6,2,1,MFDF,Czechia,Group Stage Exit
883,Ramón Sosa,FWMF,py Paraguay,26,1999,0.1,0,0,0,0,1,0,0,0,0,FWMF,Paraguay,Reached Knockouts
884,Tomá Sou?ek,MF,cz Czechia,31,1995,1.5,0,0,0,3,1,2,1,1,0,MF,Czechia,Group Stage Exit
885,Harry Souttar,DF,au Australia,27,1998,4.3,1,0,0,8,1,0,0,4,0,DF,Australia,Reached Knockouts
886,Djibril Sow,MF,ch Switzerland,29,1997,2.8,0,0,0,5,4,0,3,2,1,MF,Switzerland,Reached Knockouts
887,Ça?lar Söyüncü,DF,tr Türkiye,30,1996,0.1,0,0,0,0,0,0,0,0,0,DF,Türkiye,Group Stage Exit
888,Djed Spence,DF,eng England,25,2000,4.5,0,0,0,3,5,0,6,5,10,DF,England,Reached Knockouts
889,Marko Stamenic,MF,nz New Zealand,24,2002,3.0,1,0,0,4,0,0,1,4,1,MF,New Zealand,Group Stage Exit
890,Josip Stanii?,DFMF,hr Croatia,26,2000,4.0,0,0,0,0,4,0,7,5,2,DFMF,Croatia,Reached Knockouts
893,Angelo Stiller,MF,de Germany,25,2001,0.5,0,0,0,0,0,0,0,1,1,MF,Germany,Reached Knockouts
894,John Stones,DF,eng England,32,1994,3.7,0,0,0,1,1,0,1,0,0,DF,England,Reached Knockouts
895,Jørgen Strand Larsen,FW,no Norway,26,2000,1.2,0,0,0,0,2,1,0,0,0,FW,Norway,Reached Knockouts
896,Elliot Stroud,MF,se Sweden,23,2002,1.8,0,0,0,3,1,0,4,3,0,MF,Sweden,Reached Knockouts
897,Luis Suárez,FW,co Colombia,28,1997,3.7,1,0,0,7,8,1,2,0,4,FW,Colombia,Reached Knockouts
898,Luka Su?i?,FWMF,hr Croatia,23,2002,0.2,0,0,0,0,0,0,0,0,0,FWMF,Croatia,Reached Knockouts
899,Petar Su?i?,MFFW,hr Croatia,22,2003,3.2,1,0,0,7,6,1,4,1,2,MFFW,Croatia,Reached Knockouts
900,Yukinari Sugawara,MF,jp Japan,25,2000,1.6,0,0,0,3,1,0,4,0,3,MF,Japan,Reached Knockouts
901,Rebin Sulaka,DF,iq Iraq,34,1992,0.5,0,1,0,1,0,0,0,1,0,DF,Iraq,Group Stage Exit
902,Pavel ulc,FW,cz Czechia,25,2000,2.1,0,0,0,2,1,1,1,0,2,FW,Czechia,Group Stage Exit
903,Kamaldeen Sulemana,MFFW,gh Ghana,24,2002,1.4,0,0,0,2,1,1,4,1,2,MFFW,Ghana,Reached Knockouts
904,Crysencio Summerville,FW,nl Netherlands,24,2001,2.8,1,0,0,2,5,1,7,2,2,FW,Netherlands,Reached Knockouts
905,Ivan unji?,MF,ba BosniaHerz,29,1996,2.2,0,0,0,7,0,0,1,0,3,MF,BosniaHerz,Reached Knockouts
906,Finn Surman,DF,nz New Zealand,22,2003,3.0,0,0,0,4,2,0,0,4,1,DF,New Zealand,Group Stage Exit
907,Josip utalo,DF,hr Croatia,26,2000,4.0,0,0,0,2,1,0,0,6,4,DF,Croatia,Reached Knockouts
908,Junnosuke Suzuki,DF,jp Japan,22,2003,0.5,1,0,0,2,0,0,0,1,0,DF,Japan,Reached Knockouts
909,Yuito Suzuki,FWMF,jp Japan,24,2001,0.1,0,0,0,0,0,0,0,0,1,FWMF,Japan,Reached Knockouts
911,Mattias Svanberg,MF,se Sweden,27,1999,0.2,0,0,0,0,1,0,0,1,1,MF,Sweden,Reached Knockouts
912,Daniel Svensson,DF,se Sweden,24,2002,1.1,0,0,0,0,0,1,2,1,2,DF,Sweden,Reached Knockouts
913,Alexander Sørloth,FW,no Norway,30,1995,3.7,0,0,0,6,2,2,5,0,1,FW,Norway,Reached Knockouts
914,Musa Al-Taamari,FW,jo Jordan,29,1997,2.4,0,0,0,2,3,1,0,0,0,FW,Jordan,Group Stage Exit
915,Haris Tabakovi?,FW,ba BosniaHerz,31,1994,0.2,0,0,0,0,0,0,0,0,0,FW,BosniaHerz,Reached Knockouts
916,Lee Tae-seok,MF,kr Korea Republic,23,2002,1.3,0,0,0,3,1,0,8,0,3,MF,Korea Republic,Group Stage Exit
917,Nicolás Tagliafico,DF,ar Argentina,33,1992,5.3,0,0,0,9,16,2,2,6,4,DF,Argentina,Reached Knockouts
918,Jonathan Tah,DF,de Germany,30,1996,4.1,0,0,0,5,1,0,1,1,3,DF,Germany,Reached Knockouts
919,Benjamin Tahirovic,MF,ba BosniaHerz,23,2003,2.6,0,0,0,3,2,0,2,4,4,MF,BosniaHerz,Reached Knockouts
920,Zaid Tahseen,DF,iq Iraq,25,2001,1.7,1,0,0,3,2,0,0,0,1,DF,Iraq,Group Stage Exit
921,Chemsdine Talbi,MF,ma Morocco,21,2005,2.0,0,0,0,0,1,0,9,2,2,MF,Morocco,Reached Knockouts
922,Montassar Talbi,DF,tn Tunisia,28,1998,3.0,0,0,0,1,1,0,0,5,2,DF,Tunisia,Group Stage Exit
923,Hassan Al Tambakti,DF,sa Saudi Arabia,27,1999,2.4,0,0,0,0,1,0,0,3,3,DF,Saudi Arabia,Group Stage Exit
924,Ao Tanaka,MF,jp Japan,27,1998,2.1,0,0,0,6,2,0,0,1,6,MF,Japan,Reached Knockouts
925,Shogo Taniguchi,DF,jp Japan,34,1991,2.6,1,0,0,2,1,0,0,1,0,DF,Japan,Reached Knockouts
926,Mehdi Taremi,FW,ir IR Iran,33,1992,2.9,0,0,0,3,5,2,1,2,2,FW,IR Iran,Group Stage Exit
927,Aurélien Tchouaméni,MF,fr France,26,2000,4.0,1,0,0,4,3,0,2,6,14,MF,France,Reached Knockouts
928,Arthur Theate,DF,be Belgium,26,2000,2.5,0,0,0,1,0,0,0,3,0,DF,Belgium,Reached Knockouts
929,Igor Thiago,FW,br Brazil,24,2001,0.7,0,0,0,2,0,0,0,0,1,FW,Brazil,Reached Knockouts
930,Malick Thiaw,DFMF,de Germany,24,2001,0.5,0,0,0,1,1,0,0,0,2,DFMF,Germany,Reached Knockouts
931,Ryan Thomas,MF,nz New Zealand,31,1994,0.9,0,0,0,3,3,0,1,0,2,MF,New Zealand,Group Stage Exit
932,Brandon Thomas-Asante,FWMF,gh Ghana,27,1998,0.6,0,0,0,0,1,1,1,0,0,FWMF,Ghana,Reached Knockouts
933,Morten Thorsby,MF,no Norway,30,1996,0.5,0,0,0,1,0,0,0,1,1,MF,Norway,Reached Knockouts
934,Kristian Thorstvedt,MF,no Norway,27,1999,0.7,0,0,0,2,1,0,0,0,1,MF,Norway,Reached Knockouts
936,Youri Tielemans,MF,be Belgium,29,1997,5.3,0,0,0,7,10,1,15,2,6,MF,Belgium,Reached Knockouts
937,Kieran Tierney,MF,sct Scotland,29,1997,1.2,0,0,0,3,2,0,7,2,1,MF,Scotland,Group Stage Exit
938,Guus Til,FWMF,nl Netherlands,28,1997,0.4,0,0,0,0,0,0,0,0,0,FWMF,Netherlands,Reached Knockouts
939,Malik Tillman,MF,us USA,24,2002,4.0,1,0,0,3,13,0,14,5,7,MF,USA,Reached Knockouts
940,Quinten Timber,MF,nl Netherlands,24,2001,0.6,0,0,0,0,2,0,1,1,0,MF,Netherlands,Reached Knockouts
941,Takehiro Tomiyasu,DF,jp Japan,27,1998,2.0,0,0,0,5,2,0,2,2,1,DF,Japan,Reached Knockouts
942,Ivan Toney,FW,eng England,30,1996,0.9,0,0,0,0,3,2,0,0,0,FW,England,Reached Knockouts
943,Mehdi Torabi,MF,ir IR Iran,31,1994,0.3,0,0,0,0,0,0,2,1,0,MF,IR Iran,Group Stage Exit
944,Félix Torres Caicedo,DF,ec Ecuador,29,1997,0.1,0,0,0,0,0,0,0,0,0,DF,Ecuador,Reached Knockouts
945,Ferran Torres,FW,es Spain,26,2000,3.2,1,0,0,6,4,3,4,0,0,FW,Spain,Reached Knockouts
946,Sebastian Tounekti,FW,tn Tunisia,23,2002,0.9,0,0,0,1,0,0,3,0,0,FW,Tunisia,Group Stage Exit
947,Bazoumana Touré,MF,ci Côte d'Ivoire,20,2006,0.9,0,0,0,0,1,0,2,0,1,MF,Côte d'Ivoire,Reached Knockouts
948,Mo Touré,FW,au Australia,22,2004,1.8,0,0,0,4,2,1,1,0,1,FW,Australia,Reached Knockouts
949,Kai Trewin,DFMF,au Australia,25,2001,0.8,0,0,0,0,1,0,2,2,0,DFMF,Australia,Reached Knockouts
950,Trézéguet,MF,eg Egypt,31,1994,1.8,0,0,0,3,2,0,2,1,0,MF,Egypt,Reached Knockouts
951,Francisco Trincão,FWMF,pt Portugal,26,1999,0.3,0,0,0,0,0,0,0,0,1,FWMF,Portugal,Reached Knockouts
952,Leandro Trossard,MFFW,be Belgium,31,1994,5.6,0,0,0,4,8,1,7,4,1,MFFW,Belgium,Reached Knockouts
953,Auston Trusty,DF,us USA,27,1998,1.1,0,0,0,2,0,0,2,4,1,DF,USA,Reached Knockouts
954,Axel Tuanzebe,DF,cd Congo DR,28,1997,4.0,0,0,0,3,3,0,0,1,2,DF,Congo DR,Reached Knockouts
956,Ayase Ueda,FW,jp Japan,27,1998,3.6,0,0,0,6,4,1,0,0,1,FW,Japan,Reached Knockouts
957,Manuel Ugarte,MF,uy Uruguay,25,2001,2.0,0,0,0,1,0,0,0,3,1,MF,Uruguay,Group Stage Exit
958,Deniz Undav,FW,de Germany,29,1996,1.7,0,0,0,3,0,0,1,0,0,FW,Germany,Reached Knockouts
959,Dayot Upamecano,DF,fr France,27,1998,7.3,0,0,0,7,4,0,0,15,12,DF,France,Reached Knockouts
960,Jakhongir Urozov,DF,uz Uzbekistan,22,2004,1.1,0,0,0,0,0,0,0,1,0,DF,Uzbekistan,Group Stage Exit
961,Oston Urunov,MF,uz Uzbekistan,25,2000,0.7,0,0,0,0,0,0,0,1,0,MF,Uzbekistan,Group Stage Exit
962,Can Uzun,MF,tr Türkiye,20,2005,0.4,0,0,0,0,1,0,0,0,0,MF,Türkiye,Group Stage Exit
963,Enner Valencia,FW,ec Ecuador,36,1989,3.2,0,0,0,4,7,2,1,0,1,FW,Ecuador,Reached Knockouts
964,Yan Valery,DF,tn Tunisia,27,1999,2.8,0,0,0,4,0,1,7,4,1,DF,Tunisia,Group Stage Exit
965,Federico Valverde,MF,uy Uruguay,27,1998,2.6,0,0,0,1,0,0,11,3,2,MF,Uruguay,Group Stage Exit
966,Virgil van Dijk,DF,nl Netherlands,34,1991,4.3,0,0,0,2,2,0,0,3,1,DF,Netherlands,Reached Knockouts
967,Hans Vanaken,MF,be Belgium,33,1992,3.5,0,0,0,0,6,0,2,1,1,MF,Belgium,Reached Knockouts
968,Guillermo Varela,DF,uy Uruguay,33,1993,3.0,1,0,0,1,1,0,9,7,1,DF,Uruguay,Group Stage Exit
969,Hélio Varela,FW,cv Cabo Verde,24,2002,1.2,0,0,0,1,2,1,1,0,0,FW,Cabo Verde,Reached Knockouts
971,Obed Vargas,MF,mx Mexico,20,2005,0.7,0,0,0,1,0,0,0,1,2,MF,Mexico,Reached Knockouts
972,Ruben Vargas,MF,ch Switzerland,27,1998,3.2,0,0,0,6,6,2,23,2,2,MF,Switzerland,Reached Knockouts
974,Johan Vásquez,DF,mx Mexico,27,1998,4.0,1,0,0,0,2,0,1,2,1,DF,Mexico,Reached Knockouts
975,Alexis Vega,FWMF,mx Mexico,28,1997,0.1,0,0,0,0,0,0,1,0,0,FWMF,Mexico,Reached Knockouts
976,Renato Veiga,DF,pt Portugal,22,2003,5.0,2,0,0,5,3,0,0,6,1,DF,Portugal,Reached Knockouts
977,Gustavo Velásquez,DF,py Paraguay,35,1991,2.7,0,0,0,2,0,0,3,1,1,DF,Paraguay,Reached Knockouts
978,Nishan Velupillay,MF,au Australia,25,2001,0.8,0,0,0,1,0,0,0,0,1,MF,Australia,Reached Knockouts
979,Micky van de Ven,DFMF,nl Netherlands,25,2001,2.9,1,0,0,5,1,0,2,2,3,DFMF,Netherlands,Reached Knockouts
981,Matías Viña,DF,uy Uruguay,28,1997,0.5,0,0,0,0,1,1,2,0,0,DF,Uruguay,Group Stage Exit
982,Federico Viñas,FW,uy Uruguay,27,1998,2.1,0,0,0,3,3,3,0,1,2,FW,Uruguay,Group Stage Exit
983,Denis Viinský,FW,cz Czechia,23,2003,0.6,0,0,0,0,1,0,0,0,0,FW,Czechia,Group Stage Exit
984,Pedro Vite,MF,ec Ecuador,24,2002,4.0,0,0,0,2,5,0,6,5,11,MF,Ecuador,Reached Knockouts
985,Vitinha,MF,pt Portugal,26,2000,4.2,0,0,0,4,5,0,1,2,0,MF,Portugal,Reached Knockouts
986,Nikola Vlai?,MF,hr Croatia,28,1997,2.1,0,0,0,5,0,2,3,1,2,MF,Croatia,Reached Knockouts
987,Cristian Volpato,MF,au Australia,22,2003,1.8,0,0,0,1,2,0,11,0,1,MF,Australia,Reached Knockouts
989,Francis de Vries,DF,nz New Zealand,31,1994,0.2,0,0,0,0,0,0,3,1,0,DF,New Zealand,Group Stage Exit
990,Luka Vukovi?,DF,hr Croatia,19,2007,0.7,0,0,0,1,1,0,0,1,0,DF,Croatia,Reached Knockouts
991,Elye Wahi,FW,ci Côte d'Ivoire,23,2003,1.2,0,0,0,0,0,0,0,0,1,FW,Côte d'Ivoire,Reached Knockouts
992,Aaron Wan-Bissaka,DF,cd Congo DR,28,1997,3.9,0,0,0,1,1,1,6,7,4,DF,Congo DR,Reached Knockouts
993,Paul Wanner,MF,at Austria,20,2005,2.6,0,0,0,4,2,0,1,2,1,MF,Austria,Reached Knockouts
994,Tsuyoshi Watanabe,DF,jp Japan,29,1997,1.0,0,0,0,0,1,0,1,0,2,DF,Japan,Reached Knockouts
995,Cecilio Waterman,FW,pa Panama,35,1991,0.8,0,0,0,1,1,0,0,0,0,FW,Panama,Group Stage Exit
996,Ollie Watkins,FWMF,eng England,30,1995,0.6,0,0,0,1,0,0,2,0,1,FWMF,England,Reached Knockouts
997,Timothy Weah,MF,us USA,26,2000,0.8,0,0,0,2,0,2,0,0,0,MF,USA,Reached Knockouts
998,Wout Weghorst,FW,nl Netherlands,33,1992,0.6,0,0,0,1,2,0,0,0,1,FW,Netherlands,Reached Knockouts
1000,Silvan Widmer,DF,ch Switzerland,33,1993,1.9,0,0,0,2,0,0,4,1,4,DF,Switzerland,Reached Knockouts
1001,Iñaki Williams,MFFW,gh Ghana,31,1994,1.4,1,0,0,2,1,1,4,1,0,MFFW,Ghana,Reached Knockouts
1002,Nico Williams,MF,es Spain,23,2002,1.3,0,0,0,2,1,1,9,1,1,MF,Spain,Reached Knockouts
1004,Patrick Wimmer,FWMF,at Austria,25,2001,0.2,0,0,0,3,1,0,0,2,0,FWMF,Austria,Reached Knockouts
1005,Florian Wirtz,MF,de Germany,23,2003,4.0,0,0,0,1,3,1,13,2,6,MF,Germany,Reached Knockouts
1006,Yoane Wissa,FW,cd Congo DR,29,1996,4.0,0,0,0,5,9,1,0,0,1,FW,Congo DR,Reached Knockouts
1007,Axel Witsel,DFMF,be Belgium,37,1989,0.4,1,0,0,2,1,0,0,0,0,DFMF,Belgium,Reached Knockouts
1008,Nick Woltemade,FWMF,de Germany,24,2002,0.4,0,0,0,0,0,0,0,0,1,FWMF,Germany,Reached Knockouts
1009,Chris Wood,FW,nz New Zealand,34,1991,3.0,0,0,0,2,1,4,0,0,1,FW,New Zealand,Group Stage Exit
1011,Granit Xhaka,MF,ch Switzerland,33,1992,6.7,2,0,0,4,12,0,4,4,4,MF,Switzerland,Reached Knockouts
1012,Kevin Yakob,MF,iq Iraq,25,2000,0.3,0,0,0,1,0,0,0,1,0,MF,Iraq,Group Stage Exit
1013,Lamine Yamal,MFFW,es Spain,18,2007,6.8,0,0,0,14,9,7,34,2,9,MFFW,Spain,Reached Knockouts
1014,Yannick,MF,cv Cabo Verde,30,1995,0.4,0,0,0,1,1,0,2,2,1,MF,Cabo Verde,Reached Knockouts
1015,Gessime Yassine,MF,ma Morocco,20,2005,0.9,0,0,0,2,3,0,1,1,2,MF,Morocco,Reached Knockouts
1016,John Yeboah,MF,ec Ecuador,25,2000,3.5,0,0,0,0,4,0,11,3,3,MF,Ecuador,Reached Knockouts
1017,Tete Yengi,FW,au Australia,25,2000,0.3,0,0,0,3,0,0,1,0,2,FW,Australia,Reached Knockouts
1018,Kenan Y?ld?z,MF,tr Türkiye,21,2005,2.4,0,0,0,2,4,0,6,1,2,MF,Türkiye,Group Stage Exit
1019,Caleb Yirenkyi,MF,gh Ghana,20,2006,2.9,2,0,0,7,3,0,1,3,1,MF,Ghana,Reached Knockouts
1020,Seol Young-woo,MF,kr Korea Republic,27,1998,2.8,0,0,0,1,2,4,9,1,0,MF,Korea Republic,Group Stage Exit
1021,Manaf Younis,DF,iq Iraq,29,1996,0.8,0,0,0,0,0,0,0,1,1,DF,Iraq,Group Stage Exit
1022,Aria Yousefi,MF,ir IR Iran,24,2002,0.5,0,0,0,0,1,0,0,1,0,MF,IR Iran,Group Stage Exit
1023,Ali Yousif,FW,iq Iraq,30,1996,0.4,0,0,0,1,0,0,0,0,1,FW,Iraq,Group Stage Exit
1024,?smail Yüksek,MF,tr Türkiye,27,1999,1.5,0,0,0,2,0,0,0,2,5,MF,Türkiye,Group Stage Exit
1026,Warren Zaïre-Emery,MF,fr France,20,2006,1.2,0,0,0,1,0,0,1,1,0,MF,France,Reached Knockouts
1027,Denis Zakaria,DF,ch Switzerland,29,1996,4.0,2,0,0,4,0,1,13,9,5,DF,Switzerland,Reached Knockouts
1028,Jaroslav Zelený,MF,cz Czechia,33,1992,1.4,0,0,0,0,2,0,4,0,0,MF,Czechia,Group Stage Exit
1029,Alejandro Zendejas,FWMF,us USA,28,1998,0.2,0,0,0,1,0,0,1,0,1,FWMF,USA,Reached Knockouts
1030,Besfort Zeneli,MF,se Sweden,23,2002,0.7,0,0,0,1,0,0,1,1,0,MF,Sweden,Reached Knockouts
1031,Ramiz Zerrouki,MF,dz Algeria,28,1998,1.2,1,0,0,4,0,0,0,2,1,MF,Algeria,Reached Knockouts
1033,Mostafa Ziko,FWMF,eg Egypt,29,1997,4.1,0,0,0,6,5,2,2,2,4,FWMF,Egypt,Reached Knockouts
1034,David Zima,DF,cz Czechia,25,2000,0.1,0,0,0,0,0,0,0,0,0,DF,Czechia,Group Stage Exit
1035,Zizo,MF,eg Egypt,30,1996,0.6,0,0,0,2,1,0,6,0,1,MF,Egypt,Reached Knockouts
1036,Martín Zubimendi,MF,es Spain,27,1999,0.2,0,0,0,0,0,0,0,1,0,MF,Spain,Reached Knockouts
1037,Themba Zwane,FWMF,za South Africa,36,1989,0.3,0,1,0,1,0,0,0,0,0,FWMF,South Africa,Reached Knockouts
1038,Martin Ødegaard,MF,no Norway,27,1998,5.2,0,0,0,3,4,0,15,3,4,MF,Norway,Reached Knockouts
1039,Leo Østigård,DF,no Norway,26,1999,1.6,0,0,0,2,2,0,0,1,3,DF,Norway,Reached Knockouts
